sector,sector_title,2007Wk1,2007Wk2,2007Wk3,2007Wk4,2007Wk5,2007Wk6,2007Wk7,2007Wk8,2007Wk9,2007Wk10,2007Wk11,2007Wk12,2007Wk13,2007Wk14,2007Wk15,2007Wk16,2007Wk17,2007Wk18,2007Wk19,2007Wk20,2007Wk21,2007Wk22,2007Wk23,2007Wk24,2007Wk25,2007Wk26,2007Wk27,2007Wk28,2007Wk29,2007Wk30,2007Wk31,2007Wk32,2007Wk33,2007Wk34,2007Wk35,2007Wk36,2007Wk37,2007Wk38,2007Wk39,2007Wk40,2007Wk41,2007Wk42,2007Wk43,2007Wk44,2007Wk45,2007Wk46,2007Wk47,2007Wk48,2007Wk49,2007Wk50,2007Wk51,2007Wk52,2008WK1,2008WK2,2008Wk3,2008WK4,2008WK5,2008WK6,2008WK7,2008WK8,2008WK9,2008WK10,2008WK11,2008WK12,2008WK13,2008WK14,2008WK15,2008WK16,2008WK17,2008WK18,2008WK19,2008WK20,2008WK21,2008WK22,2008WK23,2008WK24,2008WK25,2008WK26,2008WK27,2008WK28,2008WK29,2008WK30,2008WK31,2008WK32,2008WK33,2008WK34,2008WK35,2008WK36,2008WK37,2008WK38,2008WK39,2008WK40,2008WK41,2008WK42,2008WK43,2008WK44,2008WK45,2008WK46,2008WK47,2008WK48,2008WK49,2008WK50,2008WK51,2008WK52,2009WK 1,2009WK 2,2009WK 3,2009WK 4,2009WK 5,2009WK 6,2009WK 7,2009WK 8,2009WK 9,2009WK 10,2009WK 11,2009WK 12,2009WK 13,2009WK 14,2009WK 15,2009WK 16,2009WK 17,2009WK 18,2009WK 19,2009WK 20,2009WK 21,2009WK 22,2009WK 23,2009WK 24,2009WK 25,2009WK 26,2009WK 27,2009WK 28,2009WK 29,2009WK 30,2009WK 31,2009WK 32,2009WK 33,2009WK 34,2009WK 35,2009WK 36,2009WK 37,2009WK 38,2009WK 39,2009WK 40,2009WK 41,2009WK 42,2009WK 43,2009WK 44,2009WK 45,2009WK 46,2009WK 47,2009WK 48,2009WK 49,2009WK 50,2009WK 51,2009WK 52,2010WK 01,2010WK 02,2010WK 03,2010WK 04,2010WK 05,2010WK 06,2010WK 07,2010WK 08,2010WK 09,2010WK 10,2010WK 11,2010WK 12,2010WK13,2010WK 14,2010WK 15,2010WK 16,2010WK 17,2010WK18,2010WK19,2010WK20,2010WK21,2010WK22,2010WK23,2010WK24,2010WK25,2010WK26,2010WK27,2010WK28,2010WK29,2010WK30,2010WK31,2010WK32,2010WK33,2010WK34,2010WK35,2010WK36,2010WK37,2010WK38,2010WK39,2010WK40,2010WK41,2010WK42,2010WK43,2010WK44,2010WK45,2010WK46,2010WK47,2010WK48,2010WK49,2010WK50,2010WK51,2010WK52,2011WK01,2011WK02,2011WK03,2011WK04,2011WK05,2011WK06,2011WK07,2011WK08,2011WK09,2011WK10,2011WK11,2011WK12,2011WK13,2011WK14,2011WK15,2011WK16,2011WK17,2011WK18,2011WK19,2011WK20,2011WK21,2011WK22,2011WK23,2011WK24,2011WK25,2011WK26,2011WK27,2011WK28,2011WK29,2011WK30,2011WK31,2011WK32,2011WK33,2011WK34,2011WK35,2011WK36,2011WK37,2011WK38,2011WK39,2011WK40,2011WK41,2011WK42,2011WK43,2011WK44,2011WK45,2011WK46,2011WK47,2011WK48,2011WK49,2011WK50,2011WK51,2011WK52,2011/12WK53,2012WK01,2012WK02,2012WK03,2012WK04,2012WK05,2012WK06,2012WK07,2012WK08,2012WK09,2012WK10,2012WK11,2012WK12,2012WK13,2012WK14,2012WK15,2012WK16,2012WK17,2012WK18,2012WK19,2012WK20,2012WK21,2012WK22,2012WK23,2012WK24,2012WK25,2012WK26,2012WK27,2012WK28,2012WK29,2012WK30,2012WK31,2012WK32,2012WK33,2012WK34,2012WK35,2012WK36,2012WK37,2012WK38,2012WK39,2012WK40,2012WK41,2012WK42,2012WK43,2012WK44,2012WK45,2012WK46,2012WK47,2012WK48,2012WK49,2012WK50,2012WK51,2012WK52,2013WK01,2013WK02,2013WK03,2013WK04,2013WK05,2013WK06,2013WK07,2013WK08,2013WK09,2013WK10,2013WK11,2013WK12,2013WK13,2013WK14,2013WK15,2013WK16,2013WK17,2013WK18,2013WK19,2013WK20,2013WK21,2013WK22,2013WK23,2013WK24,2013WK25,2013WK26,2013WK27,2013WK28,2013WK29,2013WK30,2013WK31,2013WK32,2013WK33,2013WK34,2013WK35,2013WK36,2013WK37,2013WK38,2013WK39,2013WK40,2013WK41,2013WK42,2013WK43,2013WK44,2013WK45,2013WK46,2013WK47,2013WK48,2013WK49,2013WK50,2013WK51,2013WK52,2014WK01,2014WK02,2014WK03,2014WK04,2014WK05,2014WK06,2014WK07,2014WK08,2014WK09,2014WK10,2014WK11,2014WK12,2014WK13,2014WK14,2014WK15,2014WK16,2014WK17,2014WK18,2014WK19,2014WK20,2014WK21,2014WK22,2014WK23,2014WK24,2014WK25,2014WK26,2014WK27,2014WK28,2014WK29,2014WK30,2014WK31,2014WK32,2014WK33,2014WK34,2014WK35,2014WK36,2014WK37,2014WK38,2014WK39,2014WK40,2014WK41,2014WK42,2014WK43,2014WK44,2014WK45,2014WK46,2014WK47,2014WK48,2014WK49,2014WK50,2014WK51,2014WK52,2015WK01,2015WK02,2015WK03,2015WK04,2015WK05,2015WK06,2015WK07,2015WK08,2015WK09,2015WK10,2015WK11,2015WK12,2015WK13,2015WK14,2015WK15,2015WK16,2015WK17,2015WK18,2015WK19,2015WK20,2015WK21,2015WK22,2015WK23,2015WK24,2015WK25,2015WK26,2015WK27,2015WK28,2015WK29,2015WK30,2015WK31,2015WK32,2015WK33,2015WK34,2015WK35,2015WK36,2015WK37,2015WK38,2015WK39,2015WK40,2015WK41,2015WK42,2015WK43,2015WK44,2015WK45,2015WK46,2015WK47,2015WK48,2015WK49,2015WK50,2015WK51,2015WK52,2016WK01,2016WK02,2016WK03,2016WK04,2016WK05,2016WK06,2016WK07,2016WK08,2016WK09,2016WK10,2016WK11,2016WK12,2016WK13,2016WK14,2016WK15,2016WK16,2016WK17,2016WK18,2016WK19,2016WK20,2016WK21,2016WK22,2016WK23,2016WK24,2016WK25,2016WK26,2016WK27,2016WK28,2016WK29,2016WK30,2016WK31,2016WK32,2016WK33,2016WK34,2016WK35,2016WK36,2016WK37,2016WK38,2016WK39,2016WK40,2016WK41,2016WK42,2016WK43,2016WK44,2016WK45,2016WK46,2016WK47,2016WK48,2016WK49,2016WK50,2016WK51,2016WK52,2016WK53,2017WK01,2017WK02,2017WK03,2017WK04,2017WK05,2017WK06,2017WK07,2017WK08,2017WK09,2017WK10,2017WK11,2017WK12,2017WK13,2017WK14,2017WK15,2017WK16,2017WK17,2017WK18,2017WK19,2017WK20,2017WK21,2017WK22,2017WK23,2017WK24,2017WK25,2017WK26,2017WK27,2017WK28,2017WK29,2017WK30,2017WK31,2017WK32,2017WK33,2017WK34,2017WK35,2017WK36,2017WK37,2017WK38,2017WK39,2017WK40,2017WK41,2017WK42,2017WK43,2017WK44,2017WK45,2017WK46,2017WK47,2017WK48,2017WK49,2017WK50,2017WK51,2017WK52,2018WK01,2018WK02,2018WK03,2018WK04,2018WK05,2018WK06,2018WK07,2018WK08,2018WK09,2018WK10,2018WK11,2018WK12,2018WK13,2018WK14,2018WK15,2018WK16,2018WK17,2018WK18,2018WK19,2018WK20,2018WK21,2018WK22,2018WK23,2018WK24,2018WK25,2018WK26,2018WK27,2018WK28,2018WK29,2018WK30,2018WK31,2018WK32,2018WK33,2018WK34,2018WK35,2018WK36,2018WK37,2018WK38,2018WK39,2018WK40,2018WK41,2018WK42,2018WK43,2018WK44,2018WK45,2018WK46,2018WK47,2018WK48,2018WK49,2018WK50,2018WK51,2018WK52,2019WK01,2019WK02,2019WK03,2019WK04,2019WK05,2019WK06,2019WK07,2019WK08,2019WK09,2019WK10,2019WK11,2019WK12,2019WK13,2019WK14,2019WK15,2019WK16,2019WK17,2019WK18,2019WK19,2019WK20,2019WK21,2019WK22,2019WK23,2019WK24,2019WK25,2019WK26,2019WK27,2019WK28,2019WK29,2019WK30,2019WK31,2019WK32,2019WK33,2019WK34,2019WK35,2019WK36,2019WK37,2019WK38,2019WK39,2019WK40,2019WK41,2019WK42,2019WK43,2019WK44,2019WK45,2019WK46,2019WK47,2019WK48,2019WK49,2019WK50,2019WK51,2019WK52,2020WK01,2020WK02,2020WK03,2020WK04,2020WK05,2020WK06,2020WK07,2020WK08,2020WK09,2020WK10,2020WK11
11,"Agriculture, Forestry, Fishing and Hunting ",717,705,492,300,391,395,457,522,471,429,424,482,700,505,484,516,562,467,349,470,371,307,231,194,292,500,341,328,450,892,652,409,297,217,229,230,178,224,290,397,487,722,1106,1211,970,937,1106,920,651,678,1132,775,744,495,521,846,511,358,323,429,387,509,389,532,908,631,492,591,546,513,466,561,462,435,364,394,417,312,424,374,422,732,748,677,437,307,262,219,211,218,239,276,356,433,791,1203,1237,1116,1090,903,629,1409,1712,956,822,515,407,529,516,578,598,596,637,641,591,628,756,613,463,580,599,525,590,529,542,504,336,319,357,297,385,503,521,930,1125,1023,509,359,341,439,324,281,373,476,652,914,1256,1211,1092,997,1120,1069,1036,999,1040,967,671,478,434,529,617,523,578,578,473,517,457,601,891,740,536,646,677,665,555,592,631,567,619,274,341,367,635,636,655,684,974,927,774,537,405,428,417,307,305,442,396,551,946,1172,1343,1275,1581,1542,690,670,986,1114,820,557,458,391,430,468,487,814,803,514,542,569,754,772,511,534,714,673,513,606,738,552,574,355,289,280,342,358,437,446,671,674,777,864,504,312,276,251,301,426,303,360,478,794,957,1637,1330,1064,656,722,886,832,700,452,1207,1025,376,404,511,473,546,474,508,540,566,781,509,536,482,652,585,504,484,549,561,299,192,262,353,318,291,409,596,720,751,514,331,272,306,274,303,253,395,406,567,765,1050,1260,1464,1282,740,601,865,1138,705,589,418,436,388,356,302,343,413,356,440,450,459,672,428,458,565,499,549,514,484,606,386,252,223,367,385,326,314,640,943,786,528,380,295,288,302,227,251,339,427,477,672,1011,1076,962,944,856,1295,859,568,1069,864,676,411,385,389,854,646,341,452,499,434,402,389,659,445,433,496,722,542,533,372,410,316,209,177,182,309,260,273,617,830,741,436,292,193,188,216,292,237,231,356,370,520,833,809,1311,1707,950,986,667,691,962,792,614,388,402,372,455,523,225,321,338,307,308,358,457,377,371,402,362,454,427,275,286,235,213,177,156,268,573,684,681,553,457,366,302,287,271,188,237,262,368,560,689,801,889,1018,1037,1207,1040,1091,794,636,945,852,678,454,393,412,334,299,382,353,374,347,357,373,349,407,451,393,327,383,342,398,243,196,145,168,154,187,341,477,747,600,387,260,275,234,235,239,252,199,225,395,563,630,834,836,900,1087,872,891,891,1116,838,566,372,507,454,291,242,467,287,229,220,288,208,202,216,325,284,283,291,329,333,247,220,248,163,160,95,89,126,131,190,402,587,485,342,258,167,223,166,174,187,269,240,343,393,489,707,973,828,763,627,510,557,556,331,474,343,296,336,291,222,338,445,249,235,218,225,304,270,272,261,283,265,247,201,203,192,108,123,112,174,178,256,391,477,454,300,246,190,193,192,272,278,370,491,545,642,831,939,1123,1009,960,654,649,761,785,548,492,313,302,275,839,1103,478,431,654,350,315,365,309,321,324,272,364,319,296,284,220,250,150,135,163,188,192,213,310,459,442,329,205,203,180,191,216,274,323,361,324,446,821,1074,962,851,844,963,626,736,1006,627,488,564,516,302,337,280,311,322,349,356,865
21,Mining ,91,83,34,24,25,39,38,37,33,13,28,27,20,14,18,15,17,17,16,18,19,20,15,15,13,16,20,17,19,9,10,12,16,20,12,13,12,17,32,54,33,32,28,44,63,84,106,87,75,62,76,96,83,46,50,87,66,32,38,33,36,41,39,34,46,23,39,25,32,30,15,25,23,15,40,18,16,20,23,21,18,16,18,16,27,24,18,20,19,27,27,35,41,46,67,146,109,79,89,116,103,263,262,133,110,58,54,83,92,64,195,58,71,86,81,98,90,83,49,65,52,74,73,56,48,43,35,32,39,20,55,30,26,38,31,45,29,27,39,32,27,25,50,42,47,54,71,93,69,95,72,82,81,145,79,87,99,67,51,40,47,41,50,26,30,43,48,34,48,51,31,18,34,32,22,15,31,38,43,25,29,32,30,43,13,24,38,22,13,20,22,16,21,19,14,32,32,31,47,74,54,70,156,135,48,90,101,108,126,73,63,42,44,59,45,102,86,24,49,43,28,56,22,43,15,44,20,22,26,25,36,28,21,16,17,20,14,18,14,17,14,12,13,17,14,11,13,39,40,33,34,35,26,57,83,51,36,57,75,79,84,43,100,130,23,25,27,52,38,49,33,68,32,34,22,23,18,15,31,16,22,28,13,30,12,18,19,12,10,18,9,8,8,10,15,14,19,7,16,11,18,47,47,43,38,34,76,51,27,46,58,78,55,64,42,34,31,35,24,29,39,34,24,33,37,11,43,23,14,27,23,11,36,25,18,10,14,18,13,13,9,9,7,4,8,7,11,16,11,5,15,24,17,19,36,14,28,41,37,43,71,43,37,41,73,48,29,18,25,49,57,22,20,32,32,25,10,20,14,21,26,22,15,19,16,17,11,12,14,11,9,4,4,8,6,6,5,3,6,4,5,8,12,9,10,22,24,23,32,29,31,43,54,17,24,39,50,33,23,24,25,13,27,15,20,29,25,18,21,15,17,7,17,8,6,11,5,2,11,8,6,6,11,11,9,12,8,17,11,14,18,17,6,14,8,5,17,7,12,25,45,28,26,43,59,37,37,36,42,37,15,22,21,27,14,12,27,15,31,19,11,25,11,11,10,11,27,6,11,15,21,12,19,7,8,13,10,10,6,8,6,17,10,11,9,2,10,10,19,17,33,22,25,16,26,35,42,30,63,26,34,27,32,46,16,21,39,17,14,10,26,12,10,4,5,15,5,5,8,12,18,13,9,9,7,3,4,6,6,6,5,13,2,2,3,4,6,11,9,5,12,13,26,7,15,21,36,22,35,23,25,32,47,31,36,23,28,31,22,21,34,32,14,20,12,9,10,12,4,10,11,13,2,5,3,12,5,2,8,5,8,4,1,5,5,3,8,5,8,9,7,4,15,22,14,19,27,13,15,24,37,29,30,31,30,35,23,6,16,12,82,89,36,14,15,12,7,5,11,7,12,6,5,4,4,4,3,5,4,2,5,6,12,1,8,69,50,30,8,7,5,11,9,3,4,8,19,13,12,10,20,26,27,31,20,29,37,37,35,43,31,16,16,12,12,9,7,12,24
22,Utilities,29,17,30,21,8,13,5,14,6,15,4,24,5,5,12,7,7,4,6,5,9,4,8,7,20,21,10,9,10,5,9,5,8,9,17,6,6,6,9,19,11,11,18,18,15,21,16,26,18,14,13,33,28,22,20,23,10,12,16,4,17,7,11,10,5,14,11,12,7,9,13,8,11,8,4,18,11,10,14,9,8,6,14,14,11,7,13,12,8,10,7,11,15,20,14,26,16,39,58,30,27,29,47,42,49,41,127,42,22,18,17,17,16,14,19,11,14,14,9,16,18,11,13,13,13,16,15,22,21,29,50,65,45,27,29,19,14,24,20,20,11,15,27,29,23,26,22,31,30,41,22,34,25,26,19,22,43,16,18,26,17,19,18,25,15,10,14,21,16,16,15,14,15,14,16,13,10,31,20,13,26,9,24,23,14,17,12,22,17,13,19,17,22,20,28,43,26,35,32,37,25,31,29,31,24,20,20,26,48,20,7,16,12,15,14,13,7,16,14,18,14,9,13,9,11,13,10,13,12,15,13,14,12,18,20,30,18,17,18,15,13,8,3,8,12,8,15,54,10,22,20,23,15,24,28,17,23,14,14,23,35,14,24,24,18,13,15,8,12,6,7,14,8,18,11,11,12,11,17,9,15,10,15,17,9,16,29,12,16,12,8,9,8,15,15,43,29,10,13,13,13,23,20,23,20,26,27,40,17,11,16,19,32,32,18,16,18,11,9,10,12,9,15,19,14,12,12,16,16,8,14,17,14,13,15,11,14,17,17,18,10,10,12,10,11,11,12,8,15,17,14,25,17,18,21,24,19,19,34,14,31,22,14,27,27,39,20,20,21,14,15,10,6,17,13,10,7,8,12,11,9,15,11,17,14,9,12,13,6,15,10,11,12,8,13,12,12,11,8,8,9,9,12,14,13,18,17,24,27,26,34,21,27,17,25,17,24,42,21,15,14,21,19,9,8,15,6,20,11,11,7,11,7,12,14,11,13,9,15,15,25,14,17,23,15,8,10,11,6,12,11,11,12,17,15,20,13,17,14,24,45,29,29,20,23,20,11,25,18,31,22,15,14,24,10,5,11,7,10,14,12,10,8,13,9,12,7,7,11,13,11,9,6,14,15,9,12,6,8,10,10,7,13,8,3,14,15,11,13,14,16,18,14,18,22,13,18,23,17,15,16,21,11,10,13,7,19,12,5,10,7,7,7,10,5,9,9,4,8,5,5,5,4,10,8,7,12,8,9,6,5,9,6,7,5,10,9,12,16,7,12,12,20,12,22,12,22,19,23,13,13,8,17,15,16,14,17,19,15,11,8,16,15,7,6,10,11,12,12,10,7,17,8,6,10,14,4,6,8,15,10,8,11,11,7,6,8,11,8,7,15,5,11,21,11,13,17,15,15,22,19,19,14,15,13,22,26,12,12,15,163,86,32,17,20,18,13,7,12,14,10,11,9,8,10,6,11,12,8,9,9,11,19,2,8,15,11,11,4,15,12,8,13,11,10,17,31,29,32,33,33,27,26,40,15,26,24,33,34,57,44,18,11,6,9,18,11,18,43
23,Construction,3224,3287,2209,1738,1962,1869,1818,1903,1732,1455,1531,1441,1494,1424,1477,1271,1258,1231,1114,1200,1027,1186,1028,1076,1065,1398,1172,906,975,1036,937,1001,1019,1015,1033,1183,1129,1160,1615,1671,1955,1702,1679,2101,2386,2384,3373,3160,2924,3356,4115,3901,3441,2550,2620,3820,3246,2311,2030,2206,2267,2279,2424,2140,2201,2170,2085,2115,1981,1921,1712,1899,1652,1943,1931,1668,1758,1510,1846,1405,1528,1608,1668,1547,1788,1982,1769,1758,1720,2014,2272,2941,2700,2851,3053,4106,4171,3886,3743,4945,4235,7547,9674,5733,5104,4065,3485,4405,4370,4043,3908,4170,4297,3589,3705,3768,3737,3907,3182,3372,3223,3318,3869,3245,3152,3213,2835,2918,3055,2576,3487,2749,2604,2687,2778,2750,2612,2492,2951,2908,2868,2563,3038,3184,3580,3916,3671,3981,3910,4563,3788,4840,4378,5197,4237,4698,4574,3616,3364,3222,3429,3748,3228,3178,3226,3104,3040,2872,3354,3529,2835,2650,2796,3000,2590,2693,2869,2762,2887,1919,2399,2366,2353,2233,1930,1973,2170,2155,2080,2041,2275,2541,2550,2052,2348,2628,2555,2604,3245,3273,2858,3800,5634,6429,2646,3395,3392,4343,4928,3336,2958,2826,2913,3130,2998,3473,3625,2631,2421,2546,2737,3405,2530,2337,2227,2678,2331,2319,2450,2428,2435,1807,1850,1878,2000,1986,1593,1644,1617,1605,1657,1518,1844,1846,1905,1666,1923,2574,2440,1982,2104,2706,2424,3588,3949,3795,2264,2737,3342,3709,4248,2623,4181,5456,1961,2336,2372,2528,2579,2290,2272,2694,2102,2597,2121,2053,1872,2175,2125,1763,2078,2100,2002,1655,1650,1801,2300,1998,1256,1432,1452,1395,1387,1327,1489,1625,1653,1356,1436,1507,1827,1867,2114,2462,2251,2160,3668,3576,1983,2349,3013,3813,3271,2669,2122,2138,2389,2229,2005,1982,2187,1960,1914,2001,1830,1744,2268,2024,1694,1694,1667,1606,1787,1678,1428,1225,1374,1564,1688,1615,1017,1199,1178,1215,1215,1149,1265,1514,1462,1132,1465,1758,1724,1632,1536,1669,2111,1913,2157,2273,3423,2387,2219,3515,3250,2886,2094,1926,2246,2643,2611,1992,2034,2140,2076,1672,1677,1781,1767,1737,2021,1716,1621,1560,1314,1365,1394,1149,1301,1123,1108,1371,1002,976,1056,1014,1127,995,1110,1151,1122,1027,1325,1308,1508,1475,1825,1825,1747,1663,1894,2254,3001,1716,1942,2974,3141,2177,1647,1668,1838,2085,2090,1449,1541,1664,1542,1514,1517,1522,1583,1346,1300,1345,1338,1409,1352,1215,1361,1203,1200,1053,973,1415,1091,985,1072,1136,1079,1102,1118,1470,1189,1236,1204,1266,1562,1488,1432,1732,1934,1851,2287,2237,2800,2016,2124,2671,3017,2281,1810,1755,1837,1796,1716,1630,1657,1581,1892,1460,1315,1517,1468,1485,1270,1232,1368,1178,1247,1223,1199,1162,1080,1071,1019,1102,1088,915,983,1056,931,884,907,1099,1056,1090,1009,1095,1392,1318,1591,1625,1526,1350,1833,2024,2489,2097,2592,2211,2341,1699,1923,1579,1303,1268,2182,1453,1018,1212,1311,1302,1146,1219,1185,1295,1083,1049,975,1027,1062,896,883,878,862,805,851,1122,915,758,736,826,803,838,804,831,935,949,934,839,1075,1017,1268,1072,1179,1325,1951,2369,1981,1399,1498,1787,2532,1687,2190,1736,2001,2038,1936,1649,1994,2218,1466,1428,1463,1359,1528,1680,1348,1155,1180,1146,1225,1291,1133,1342,1094,1078,1183,1438,1482,932,982,985,925,976,1496,1875,1435,1284,1146,1052,1246,1411,1367,1443,1870,1860,1812,2343,3018,1880,2231,2815,3374,3286,2036,1633,1732,1966,4344,5474,2362,1622,1838,1636,1436,1333,1561,1837,1557,1354,1264,1313,1401,1564,1320,1365,1225,1179,1196,1404,1618,976,1113,1202,1167,1160,1186,1314,1299,1437,1506,1445,1420,1567,1817,1873,1844,1855,2017,2378,2914,3532,2272,2930,3772,3811,2640,3012,3010,1844,2277,1975,1600,1648,1763,1979,5210
31,Manufacturing,436,400,326,219,279,267,337,286,223,275,372,448,793,482,317,430,429,295,441,608,196,250,257,393,730,859,295,230,225,285,286,245,256,226,205,200,246,238,153,270,355,545,449,555,700,920,480,445,340,529,1593,501,409,320,293,291,236,373,328,235,310,302,373,396,392,579,570,396,508,377,457,441,373,254,223,467,306,478,496,259,404,280,271,224,239,242,186,204,230,176,206,302,313,384,436,475,557,727,1317,599,427,445,1679,724,551,410,386,560,420,390,526,615,435,318,435,420,687,806,619,496,773,343,296,655,1037,481,215,289,486,597,590,543,367,475,678,538,595,397,476,438,292,412,557,1095,610,534,509,870,466,593,1232,802,424,464,1840,826,626,385,486,521,428,369,421,443,354,486,336,487,442,815,412,436,396,407,311,298,478,477,442,607,408,655,708,347,339,598,503,399,344,369,506,361,329,332,304,316,388,429,402,654,469,557,767,723,423,527,1485,1022,585,371,290,305,280,403,388,485,380,406,254,356,364,592,706,606,459,524,449,336,573,408,364,326,431,893,491,661,754,372,328,371,390,251,311,226,230,228,255,276,261,288,302,398,563,622,649,614,609,417,658,713,522,356,336,527,504,316,366,341,323,349,286,324,508,696,621,709,373,314,345,580,425,340,447,321,263,232,490,392,257,264,307,363,296,279,318,229,298,217,309,307,396,321,459,392,449,515,755,524,517,405,512,1052,424,446,323,296,304,311,331,263,259,322,277,236,316,694,677,905,333,473,388,425,269,265,393,267,211,275,475,535,470,330,238,246,256,151,199,222,199,226,256,209,308,384,359,429,409,383,532,582,653,418,341,444,476,459,324,323,319,280,307,389,357,673,392,278,388,742,726,477,398,312,256,553,446,361,249,382,290,551,582,433,519,400,319,289,277,191,159,252,191,132,222,258,275,426,426,422,471,549,707,560,528,296,382,522,421,413,254,262,322,247,304,481,283,221,217,458,310,519,884,518,351,298,228,496,329,241,210,184,361,214,256,455,306,233,266,256,239,176,134,187,173,175,190,216,301,328,429,467,416,457,558,496,405,290,299,598,424,341,287,277,233,268,220,265,276,369,431,421,606,524,508,452,402,389,260,277,290,140,131,193,199,167,292,283,226,227,223,219,238,254,171,145,147,141,144,174,232,268,237,332,337,445,670,547,481,296,300,377,378,181,241,184,194,152,164,174,149,152,246,199,308,284,373,274,355,271,217,196,177,137,161,111,161,96,183,221,153,136,174,156,249,158,126,127,133,202,135,152,173,282,223,259,379,289,363,384,383,311,319,303,304,201,497,260,209,211,188,160,214,236,281,187,277,257,421,549,562,331,227,550,199,278,165,184,242,208,175,329,324,258,199,220,175,170,154,165,141,145,160,231,257,291,252,265,293,463,367,633,627,331,286,433,407,255,267,201,190,190,288,315,248,244,398,240,211,372,437,694,373,245,228,226,457,293,268,176,150,153,246,240,222,135,169,466,249,193,135,129,132,174,118,179,197,191,235,268,364,414,417,659,634,572,274,315,381,286,318,234,270,190,182,157,157,272,205,387,2458
32,Manufacturing,804,839,475,339,307,330,484,552,421,546,370,324,314,442,259,223,312,391,306,282,245,223,214,345,252,419,272,160,190,309,225,186,210,201,578,326,269,224,664,453,452,445,398,483,561,1494,893,1208,846,617,1303,1086,673,571,507,887,1074,793,408,598,605,686,446,453,509,551,499,404,504,491,532,316,301,390,308,222,262,552,447,311,442,325,337,339,423,340,283,289,329,442,439,806,720,669,971,1080,941,1206,2148,1373,1073,2434,2850,1788,1364,1116,884,1492,1639,1220,1341,1361,1653,1350,1030,1463,1436,1140,978,1043,1121,1031,1191,907,849,913,886,672,595,743,859,810,687,733,761,557,627,564,577,792,717,513,577,694,840,901,686,902,912,1230,1426,1443,1307,1504,1168,1491,983,782,687,839,697,592,680,552,671,578,557,608,669,650,517,402,389,586,376,321,449,553,485,475,459,472,549,498,489,536,484,445,316,385,414,446,385,372,294,596,470,563,572,623,612,804,1397,1238,717,859,1041,1335,1117,649,509,483,637,626,562,725,760,619,453,465,420,636,494,570,475,786,444,385,614,636,500,263,346,424,708,496,312,397,470,507,314,314,568,305,238,215,368,363,458,507,490,526,473,663,1068,730,455,668,743,1002,978,477,894,1025,461,457,401,354,457,439,393,453,306,427,267,519,264,283,271,211,222,215,255,242,228,231,311,284,165,198,201,264,251,218,229,255,223,239,205,206,347,277,273,401,329,381,433,459,420,644,472,556,507,518,360,310,309,298,300,252,303,256,240,257,287,203,321,265,183,193,181,156,199,189,253,195,167,223,489,317,199,165,171,189,155,121,150,131,169,120,141,195,255,285,242,221,263,257,308,231,468,581,336,651,443,513,293,214,241,335,414,200,281,251,256,195,214,219,261,219,290,168,191,168,129,131,163,136,126,165,158,148,167,163,144,141,143,136,145,140,167,196,164,177,172,164,183,214,280,260,339,334,400,350,356,519,530,395,297,234,259,344,372,277,236,207,151,199,197,175,211,227,118,138,261,199,140,138,141,198,150,175,188,382,312,213,195,180,107,136,128,200,285,150,164,270,191,191,195,204,312,227,249,291,389,291,280,447,469,417,350,214,201,237,291,209,163,179,196,157,151,145,178,155,183,128,171,152,148,143,134,110,110,114,163,260,170,118,144,232,278,127,105,142,124,110,103,94,169,144,163,141,240,162,233,273,345,311,360,338,317,220,278,181,151,162,300,195,144,122,124,141,105,153,165,126,100,123,123,83,119,94,123,66,82,63,68,96,111,78,108,114,111,88,88,65,80,82,80,82,112,126,115,82,98,182,193,282,193,131,184,228,295,188,231,214,193,203,169,186,246,225,141,145,131,143,111,138,133,126,108,124,129,131,152,124,124,104,93,168,118,103,85,94,94,97,108,130,81,110,108,89,148,149,170,127,168,199,182,243,344,244,288,311,367,355,280,176,153,155,468,585,306,192,219,157,182,148,143,190,153,107,177,79,87,126,130,133,100,103,114,131,261,106,105,122,141,122,105,106,109,105,153,126,164,223,186,160,199,187,171,247,216,323,257,272,277,297,298,331,304,213,290,244,181,164,188,198,813
33,Manufacturing,419,360,346,408,368,391,554,411,409,349,267,289,1068,457,376,369,264,253,235,304,207,292,292,294,355,442,352,309,293,320,291,332,343,304,227,369,704,325,253,382,387,530,429,543,438,391,500,413,389,410,506,1087,476,510,382,473,602,437,525,657,474,390,430,375,435,430,893,417,414,482,395,381,370,443,404,607,471,402,797,603,526,727,516,508,422,462,474,772,3240,3614,1624,1469,1699,2075,1831,2055,1407,1737,1339,1839,1529,1547,1953,1887,1822,1883,1778,1939,1815,1839,2005,2042,1657,1530,1595,1776,2208,1835,1855,1474,1971,1264,1512,1651,1598,1441,1268,1374,1341,1285,1884,1693,1255,1159,1301,1318,1120,1173,1368,1370,1262,1599,1188,1319,1170,1196,1209,1314,1170,1189,1106,1614,1420,1089,1101,1505,1593,1345,863,955,1008,917,1071,1006,891,925,832,772,812,902,670,673,790,889,606,556,663,686,620,620,783,741,714,797,656,600,609,570,628,583,775,716,554,497,564,628,566,587,621,679,607,691,448,1023,694,750,707,787,1132,620,636,624,629,540,493,462,538,539,559,520,509,612,482,440,463,476,492,421,476,376,525,463,459,439,492,516,392,515,474,474,442,362,436,370,426,565,501,596,653,690,534,530,427,624,463,634,530,552,764,504,754,503,406,736,461,592,519,602,481,554,378,345,647,470,359,338,326,390,403,366,328,336,413,309,345,540,532,535,366,767,353,423,337,388,338,434,443,418,409,409,534,490,561,547,581,499,690,577,556,496,472,597,598,682,462,435,444,441,376,322,448,419,376,405,633,460,484,335,310,352,325,321,286,364,433,646,636,492,492,743,741,564,458,460,416,479,472,303,428,482,395,527,568,427,414,618,541,493,428,448,804,516,500,587,792,714,473,461,568,424,490,630,579,630,418,373,429,412,414,425,470,366,414,341,314,403,452,377,425,405,369,395,361,400,367,431,328,589,483,419,434,332,440,363,426,421,368,412,391,303,408,323,575,356,461,461,380,497,379,381,487,485,513,312,317,476,520,372,389,354,366,382,330,357,427,328,331,314,286,330,436,354,341,387,465,374,300,360,382,366,433,797,355,364,460,392,391,481,573,642,448,399,483,412,508,410,376,452,518,982,556,442,373,428,374,368,345,353,489,431,347,388,506,292,300,380,474,328,358,657,481,466,414,430,596,917,540,391,676,456,371,366,387,821,389,395,324,503,614,313,377,552,426,458,376,338,508,418,402,459,558,316,331,422,447,409,441,386,297,291,263,247,259,354,298,376,282,514,309,335,269,334,269,281,257,236,446,345,343,277,301,301,233,216,261,299,248,233,257,225,249,269,300,319,290,233,261,287,281,242,257,242,265,264,351,375,401,329,296,239,238,286,248,251,248,303,261,239,265,243,268,272,248,256,234,281,222,214,298,340,307,267,292,262,268,236,258,268,201,243,242,201,248,254,225,237,226,246,281,318,314,265,303,325,308,350,352,315,247,250,252,327,316,264,344,254,298,333,337,277,298,273,232,296,276,300,228,336,243,236,343,292,314,233,227,252,333,286,297,282,276,411,299,375,398,330,323,295,297,292,345,662,356,457,352,542,465,466,500,478,430,407,422,418,337,313,370,404,2005
31-33,Manufacturing,1659,1599,1147,966,954,988,1375,1249,1053,1170,1009,1061,2175,1381,952,1022,1005,939,982,1194,648,765,763,1032,1337,1720,919,699,708,914,802,763,809,731,1010,895,1219,787,1070,1105,1194,1520,1276,1581,1699,2805,1873,2066,1575,1556,3402,2674,1558,1401,1182,1651,1912,1603,1261,1490,1389,1378,1249,1224,1336,1560,1962,1217,1426,1350,1384,1138,1044,1087,935,1296,1039,1432,1740,1173,1372,1332,1124,1071,1084,1044,943,1265,3799,4232,2269,2577,2732,3128,3238,3610,2905,3670,4804,3811,3029,4426,6482,4399,3737,3409,3048,3991,3874,3449,3872,4018,3745,3198,3060,3659,4331,3781,3452,3013,3865,2638,2999,3213,3484,2835,2369,2335,2422,2625,3333,3046,2309,2367,2740,2413,2342,2134,2421,2600,2271,2524,2322,3108,2620,2631,2404,3086,2548,3012,3764,3859,3151,3057,4109,3822,3202,2512,2036,2315,2133,1878,2172,2001,1916,1989,1725,1867,1923,2367,1599,1511,1575,1882,1293,1175,1590,1716,1547,1702,1650,1868,1971,1642,1484,1734,1596,1414,1288,1337,1695,1523,1268,1201,1162,1540,1424,1579,1595,1956,1688,2052,2612,2984,1834,2136,3233,3144,2834,1640,1435,1412,1546,1569,1443,1672,1678,1564,1266,1341,1293,1840,1682,1616,1397,1786,1385,1142,1663,1420,1389,1052,1236,1756,1691,1673,1458,1284,1272,1352,1146,927,1315,901,894,1008,1124,1235,1372,1485,1326,1454,1463,1909,2180,1978,1594,1637,2165,2219,2254,1336,1636,2288,1426,1365,1286,1297,1261,1342,1057,1122,1461,1593,1247,1566,963,987,1019,1157,975,891,1115,872,836,1003,1333,1211,788,1229,861,1050,884,885,885,918,964,874,923,922,1277,1088,1293,1340,1359,1395,1878,1560,1493,1545,1456,2205,1529,1646,1145,1041,1057,1050,1007,837,1010,997,893,898,1236,1357,1482,1505,826,1018,894,902,754,818,1079,1108,1014,990,1456,1595,1410,1059,867,895,827,751,821,656,796,828,792,931,1131,1096,1015,1268,1213,1133,1268,1261,1925,1515,1177,1682,1711,1686,1090,998,1128,1039,1211,1219,1217,1554,1066,846,1031,1373,1401,1121,1158,846,861,1062,889,895,864,895,841,1121,1109,976,1047,963,830,861,748,916,787,811,792,660,826,798,873,1011,977,1048,1142,1112,1454,1217,1503,1002,1199,1502,1331,1305,930,877,1068,1076,1189,1070,836,904,888,1029,896,1048,1461,1127,799,793,916,1023,800,693,637,712,947,743,785,1224,1083,820,761,796,728,678,695,1184,813,689,814,878,883,1000,1197,1313,1176,1083,1290,1199,1302,991,955,1497,1411,1740,1193,933,807,933,885,842,784,901,1116,1009,1104,1057,1192,899,885,897,905,757,796,940,746,769,723,711,1051,1460,936,736,1043,907,887,747,663,1108,660,646,571,771,1015,725,777,1025,1003,1065,1279,1158,1334,1025,1062,1174,1253,717,850,787,792,723,905,755,590,565,633,587,672,791,836,776,737,908,649,614,565,565,553,458,500,395,697,662,607,491,583,571,593,462,475,491,461,517,472,459,534,677,638,660,767,704,817,953,857,684,760,773,864,653,1079,849,803,743,653,585,698,747,670,583,656,703,793,926,960,700,603,946,576,665,551,589,588,526,566,837,749,628,576,576,537,503,520,563,423,498,510,521,653,694,647,629,687,908,830,1194,1285,840,877,1069,1082,960,899,692,590,595,1008,1227,870,700,961,651,691,853,917,1161,824,625,637,601,820,719,626,645,493,492,703,663,797,474,501,840,723,601,537,517,517,690,570,680,759,744,744,723,860,893,933,1568,1206,1352,883,1129,1123,1049,1116,1043,1004,810,894,819,675,749,763,989,5276
42,Wholesale Trade,315,331,280,262,272,229,248,316,306,221,235,273,417,218,269,220,229,266,210,235,245,323,212,251,261,311,274,231,251,308,285,232,211,212,202,211,228,195,267,258,294,243,297,311,297,214,306,303,300,354,266,360,389,328,301,369,313,264,283,302,333,340,287,287,389,302,332,303,281,310,284,327,274,348,314,353,319,250,377,326,308,371,317,386,283,268,283,284,322,338,389,445,408,429,552,642,597,608,472,691,643,586,632,642,899,772,588,715,891,693,737,770,714,631,552,676,886,721,596,554,558,522,541,599,543,614,502,487,464,495,566,495,450,473,519,498,489,426,494,468,426,431,559,542,506,518,547,645,592,788,496,633,595,589,493,581,763,648,482,531,522,516,514,558,471,521,559,415,441,510,471,367,433,450,330,376,433,379,385,357,398,430,400,330,319,400,420,371,359,378,451,331,410,329,371,495,369,356,464,490,428,495,388,683,406,445,516,515,616,392,391,373,442,416,376,378,409,424,390,388,416,526,300,274,337,409,358,316,369,353,423,394,315,323,352,382,282,287,338,338,290,376,443,288,332,273,299,393,326,297,302,380,349,464,350,422,349,412,445,436,543,390,297,479,348,364,378,335,375,403,338,354,341,391,303,324,341,338,303,233,330,379,367,316,273,338,304,399,264,244,342,264,307,294,259,268,263,247,287,304,315,319,315,392,375,380,473,447,369,386,474,421,461,431,315,309,348,326,448,320,309,274,454,485,426,371,411,337,296,354,280,254,350,409,300,290,302,402,473,306,264,303,357,313,239,233,264,265,290,203,190,300,288,270,303,293,367,316,358,309,486,354,287,475,447,406,370,357,372,324,481,288,272,304,446,263,364,349,292,293,349,286,259,256,268,408,280,272,389,262,317,311,214,252,306,261,213,241,230,263,239,204,219,257,275,249,309,277,416,310,330,335,436,263,275,340,356,357,305,286,371,331,437,263,218,355,258,275,204,441,279,230,215,232,271,219,217,199,218,205,192,210,213,449,266,262,232,212,238,225,224,352,244,213,214,275,280,274,262,282,355,319,295,272,389,289,289,559,361,381,394,271,255,310,280,262,333,307,339,375,279,391,324,288,265,235,294,306,250,225,248,264,254,211,186,343,262,273,206,233,178,222,200,251,261,174,194,186,295,212,250,243,282,239,323,245,343,282,362,273,304,239,294,280,236,267,255,254,176,237,196,199,205,238,216,272,174,171,223,197,194,301,161,172,189,192,267,199,203,181,174,235,203,183,173,191,178,179,165,142,251,202,221,208,219,220,271,211,258,254,208,234,198,220,348,281,254,274,423,247,256,288,238,209,274,229,241,252,247,201,228,248,233,213,206,256,214,183,236,306,299,189,190,221,220,184,270,290,287,230,207,170,234,254,229,238,299,354,271,275,353,333,236,326,288,309,291,262,245,273,306,374,254,238,262,244,252,250,259,271,281,277,239,247,251,255,178,256,225,203,233,193,281,235,220,211,242,265,229,211,225,244,237,256,263,281,260,320,296,329,310,370,363,516,277,296,385,358,344,299,268,269,286,284,237,246,268,347,1954
44,Retail Trade,597,574,513,455,489,375,340,411,419,378,368,374,494,347,367,379,399,383,393,326,317,400,321,343,331,338,343,340,341,320,313,328,357,336,366,377,392,371,454,469,485,452,455,513,455,336,580,608,580,504,477,659,657,686,559,617,574,541,435,441,451,446,406,427,469,492,457,458,426,453,446,418,353,474,459,451,471,440,475,472,476,449,474,446,432,473,532,557,504,595,728,733,694,725,777,983,799,884,808,1028,1012,754,907,1100,1478,1356,982,1136,1193,884,901,963,1018,904,829,834,847,819,727,719,725,659,751,646,647,727,710,612,653,512,710,665,638,593,744,664,642,675,688,570,646,672,782,876,726,837,758,969,858,941,646,1060,871,862,689,881,1144,1175,854,857,772,766,656,732,660,599,614,579,577,691,584,577,618,601,555,565,543,514,526,520,571,624,481,554,593,521,558,570,619,584,617,515,600,617,612,684,604,643,671,785,690,723,529,958,852,824,614,674,1201,877,780,840,798,650,603,529,648,650,554,513,547,599,502,528,480,560,542,492,460,451,540,480,431,475,484,468,484,465,460,447,446,430,487,448,530,496,443,658,614,557,569,737,587,664,499,752,771,657,619,632,890,798,602,784,674,604,564,472,542,511,481,544,480,585,423,470,386,519,435,418,442,517,579,562,602,535,808,461,402,441,458,452,402,421,402,441,447,444,459,532,588,575,507,566,616,539,471,628,618,559,489,514,728,718,687,601,634,613,530,473,509,449,429,402,418,438,440,430,400,391,374,374,363,322,390,407,338,384,329,382,393,352,398,397,361,357,354,332,432,370,401,497,464,398,446,480,465,463,500,409,659,566,458,423,589,754,726,558,550,561,492,444,443,432,392,393,354,382,401,356,414,384,370,335,278,311,404,338,351,303,303,358,318,300,357,382,313,286,312,351,363,317,351,400,409,362,406,367,462,423,445,349,496,455,465,396,428,629,523,455,406,422,393,369,360,379,335,319,311,311,366,324,296,294,336,285,290,255,304,278,320,302,257,313,333,312,318,303,302,289,284,329,320,313,328,366,422,358,364,368,443,354,424,335,595,513,424,320,429,550,502,428,383,408,355,303,327,349,323,294,305,270,320,284,263,280,337,302,279,276,223,261,252,238,278,267,264,283,266,304,258,277,250,343,289,289,281,288,378,305,296,311,405,360,339,273,388,390,386,377,356,355,391,379,376,429,369,275,259,244,254,260,227,280,291,396,247,225,251,289,254,234,258,263,233,220,205,172,249,247,188,239,224,205,207,234,235,249,247,230,279,215,247,258,291,252,307,186,307,306,310,286,247,361,464,385,344,352,366,316,249,324,317,276,233,254,252,269,226,223,237,223,277,255,218,264,248,248,233,233,241,219,232,260,219,226,227,232,235,265,280,258,307,294,299,288,286,358,347,231,375,369,328,374,272,435,484,409,365,356,392,340,361,323,320,297,244,262,231,283,289,249,305,292,225,235,266,296,249,220,248,217,276,266,250,272,251,267,261,247,247,288,309,268,315,298,310,314,309,371,328,308,251,370,303,337,238,421,410,393,316,324,341,309,293,227,259,393,5075
45,Retail Trade,341,320,283,203,210,195,174,182,209,176,164,175,190,182,166,191,212,167,168,154,139,172,187,170,189,185,187,167,172,164,173,146,148,154,149,191,173,165,149,195,180,179,209,233,203,163,221,257,251,221,160,277,300,278,232,225,216,221,200,204,216,193,197,173,176,186,201,174,203,338,191,200,206,220,236,187,227,173,257,204,211,200,216,200,207,198,194,217,220,214,264,267,226,248,235,285,229,335,258,326,316,251,262,334,623,501,367,408,418,477,417,408,410,366,299,350,381,370,286,305,298,299,311,376,342,513,364,304,321,249,319,299,258,231,313,321,303,244,252,254,294,296,305,316,289,325,300,337,282,312,223,322,312,340,263,352,504,431,373,368,357,367,332,369,332,325,313,285,309,358,309,294,284,309,285,274,280,249,326,271,298,275,280,300,318,312,291,263,235,252,267,249,298,292,282,334,259,249,286,300,264,302,152,336,308,322,252,350,576,429,358,333,362,307,273,260,275,319,284,290,298,324,293,279,268,255,268,249,252,243,244,269,281,272,266,268,236,246,222,238,238,222,251,231,290,316,248,286,249,252,259,279,206,291,230,274,283,291,302,320,407,406,284,400,377,323,275,251,325,254,251,278,233,329,239,240,225,277,237,223,271,246,249,222,266,248,274,234,226,237,222,188,222,218,194,213,210,210,235,237,266,226,218,232,266,204,212,273,250,231,237,233,372,364,349,306,298,262,241,212,273,249,282,268,233,252,253,280,207,238,204,230,203,174,212,208,227,213,211,244,198,223,208,235,229,206,187,150,223,185,189,248,230,191,200,192,182,205,214,186,237,242,203,187,297,340,302,278,267,245,192,200,220,225,189,233,216,189,215,172,188,205,243,179,158,169,203,225,238,190,207,209,189,193,177,193,200,191,153,192,196,182,181,206,225,176,188,199,231,176,243,158,247,221,195,166,227,370,291,251,211,210,192,189,190,215,182,164,163,194,214,203,156,165,147,174,173,133,175,172,198,201,204,185,204,184,178,191,174,147,167,171,152,157,161,151,162,145,159,173,233,181,182,179,234,180,194,204,190,316,264,217,211,224,188,181,209,199,189,154,188,158,209,178,158,179,168,144,174,156,170,186,173,187,163,155,186,173,210,202,173,159,135,161,127,161,169,176,237,156,152,161,180,158,182,137,205,198,190,182,188,151,204,212,186,192,169,174,138,133,141,128,157,190,214,198,171,168,145,125,116,133,149,131,147,141,154,121,146,147,134,165,114,138,127,123,120,124,140,116,150,108,99,101,119,121,159,111,148,173,136,156,139,184,225,180,212,199,215,172,121,207,180,156,226,175,195,188,183,157,144,173,164,124,145,158,173,172,148,210,168,153,133,118,118,107,111,137,119,128,153,157,146,147,147,172,166,165,135,136,158,172,167,179,158,198,257,201,148,208,161,181,144,147,179,153,184,136,162,164,165,169,176,163,197,164,149,150,121,135,160,148,151,147,131,162,179,142,129,134,117,145,134,143,135,164,149,160,172,181,167,162,127,188,149,140,127,188,236,189,189,214,192,208,167,202,199,282,3625
44-45,Retail Trade,938,894,796,658,699,570,514,593,628,554,532,549,684,529,533,570,611,550,561,480,456,572,508,513,520,523,530,507,513,484,486,474,505,490,515,568,565,536,603,664,665,631,664,746,658,499,801,865,831,725,637,936,957,964,791,842,790,762,635,645,667,639,603,600,645,678,658,632,629,791,637,618,559,694,695,638,698,613,732,676,687,649,690,646,639,671,726,774,724,809,992,1000,920,973,1012,1268,1028,1219,1066,1354,1328,1005,1169,1434,2101,1857,1349,1544,1611,1361,1318,1371,1428,1270,1128,1184,1228,1189,1013,1024,1023,958,1062,1022,989,1240,1074,916,974,761,1029,964,896,824,1057,985,945,919,940,824,940,968,1087,1192,1015,1162,1058,1306,1140,1253,869,1382,1183,1202,952,1233,1648,1606,1227,1225,1129,1133,988,1101,992,924,927,864,886,1049,893,871,902,910,840,839,823,763,852,791,869,899,761,854,911,833,849,833,854,836,884,764,898,909,894,1018,863,892,957,1085,954,1025,681,1294,1160,1146,866,1024,1777,1306,1138,1173,1160,957,876,789,923,969,838,803,845,923,795,807,748,815,810,741,712,694,784,749,712,747,750,736,720,711,682,685,684,652,738,679,820,812,691,944,863,809,828,1016,793,955,729,1026,1054,948,921,952,1297,1204,886,1184,1051,927,839,723,867,765,732,822,713,914,662,710,611,796,672,641,713,763,828,784,868,783,1082,695,628,678,680,640,624,639,596,654,657,654,694,769,854,801,725,798,882,743,683,901,868,790,726,747,1100,1082,1036,907,932,875,771,685,782,698,711,670,651,690,693,710,607,629,578,604,566,496,602,615,565,597,540,626,591,575,606,632,590,563,541,482,655,555,590,745,694,589,646,672,647,668,714,595,896,808,661,610,886,1094,1028,836,817,806,684,644,663,657,581,626,570,571,616,528,602,589,613,514,436,480,607,563,589,493,510,567,507,493,534,575,513,477,465,543,559,499,532,606,634,538,594,566,693,599,688,507,743,676,660,562,655,999,814,706,617,632,585,558,550,594,517,483,474,505,580,527,452,459,483,459,463,388,479,450,518,503,461,498,537,496,496,494,476,436,451,500,472,470,489,517,584,503,523,541,676,535,606,514,829,693,618,524,619,866,766,645,594,632,543,484,536,548,512,448,493,428,529,462,421,459,505,446,453,432,393,447,425,425,441,422,450,456,476,506,431,436,385,504,416,450,450,464,615,461,448,472,585,518,521,410,593,588,576,559,544,506,595,591,562,621,538,449,397,377,395,388,384,470,505,594,418,393,396,414,370,367,407,394,380,361,359,293,395,394,322,404,338,343,334,357,355,373,387,346,429,323,346,359,410,373,466,297,455,479,446,442,386,545,689,565,556,551,581,488,370,531,497,432,459,429,447,457,409,380,381,396,441,379,363,422,421,420,381,443,409,372,365,378,337,333,338,369,354,393,433,415,453,441,446,460,452,523,482,367,533,541,495,553,430,633,741,610,513,564,553,521,505,470,499,450,428,398,393,447,454,418,481,455,422,399,415,446,370,355,408,365,427,413,381,434,430,409,390,381,364,433,443,411,450,462,459,474,481,552,495,470,378,558,452,477,365,609,646,582,505,538,533,517,460,429,458,675,8700
48,Transportation and Warehousing,342,387,309,224,200,254,347,231,226,196,209,196,430,380,200,189,184,158,136,157,133,177,188,343,449,314,213,178,209,198,186,153,149,165,147,137,159,168,210,225,211,207,264,321,311,313,375,391,306,476,576,447,393,297,314,395,333,304,349,286,285,249,256,299,545,366,267,240,258,198,198,248,202,235,284,564,408,270,337,250,277,206,277,271,230,225,220,233,219,282,300,336,357,362,387,568,522,522,503,594,583,799,1053,581,647,599,437,603,615,622,685,613,596,535,474,546,798,583,430,444,439,387,473,361,393,408,403,662,750,478,562,407,357,379,400,369,374,319,376,348,379,300,374,510,422,462,509,530,529,614,507,592,514,586,928,626,566,531,432,456,397,438,520,402,352,352,390,344,663,529,361,306,312,351,318,322,311,333,403,568,643,401,355,304,280,297,307,347,281,274,309,221,290,229,296,307,298,302,392,414,407,477,548,722,344,534,897,589,592,448,411,373,337,347,333,571,457,320,343,281,337,592,383,457,322,282,281,298,265,214,253,417,560,493,324,268,220,213,218,228,239,203,246,211,236,265,252,471,341,286,303,390,399,450,493,528,332,449,837,555,509,382,615,621,291,300,363,534,360,311,298,345,317,578,434,416,246,261,238,228,253,238,349,280,576,527,392,277,235,222,220,228,213,226,202,283,234,252,259,250,356,333,304,357,364,380,445,442,306,362,704,603,413,447,295,325,330,276,269,283,313,254,266,301,330,419,401,370,262,279,216,222,245,270,237,379,655,349,220,275,208,235,219,216,181,214,168,153,205,156,201,272,255,230,210,250,324,291,301,302,445,366,294,684,486,374,310,259,256,290,299,386,281,277,255,237,236,306,455,383,271,203,214,194,178,170,206,239,485,497,223,239,184,207,157,209,186,168,154,176,185,163,178,201,225,190,250,249,318,319,276,280,364,254,315,690,435,318,267,241,271,290,260,230,231,213,190,187,193,267,447,341,212,199,164,182,147,131,191,235,370,498,243,292,195,170,193,183,170,181,180,201,162,190,178,185,241,208,254,257,275,243,294,312,349,294,309,664,433,340,273,243,240,238,228,238,216,242,251,246,184,226,485,362,242,209,226,187,159,185,206,173,285,426,331,243,197,170,219,190,191,153,132,184,166,126,155,143,197,173,247,238,250,246,264,278,322,296,337,655,320,212,266,259,197,190,191,164,273,174,227,170,155,157,414,300,168,135,158,138,133,113,106,147,188,363,331,206,157,127,126,156,148,136,108,106,113,122,130,113,146,144,166,128,167,169,185,213,232,171,220,456,342,197,282,235,252,231,243,213,319,307,189,215,206,190,406,333,231,165,165,168,170,128,138,132,180,428,339,249,222,166,154,152,154,171,143,211,118,152,150,162,161,201,184,189,206,264,217,269,267,240,247,276,558,369,249,206,208,188,320,395,313,173,212,211,181,182,384,382,224,159,161,147,231,172,157,177,173,397,320,278,252,181,146,168,202,175,214,166,151,198,172,182,172,233,262,205,211,291,265,237,286,359,204,344,633,424,290,270,284,197,269,246,303,217,265,530,1678
49,Transportation and Warehousing,69,50,62,38,47,39,65,45,57,68,54,61,78,45,48,35,68,30,45,55,34,57,34,30,36,91,62,40,58,65,53,75,27,43,51,24,22,20,29,40,49,32,34,30,56,45,69,45,40,44,54,71,75,42,50,68,45,39,45,59,47,53,40,42,61,55,56,64,56,59,52,71,58,42,57,63,68,47,81,75,53,63,79,52,58,40,34,46,54,46,52,60,55,69,72,91,77,86,75,94,103,75,101,82,148,127,95,99,124,107,102,138,128,119,110,86,94,87,70,95,116,74,106,97,84,110,78,75,75,60,78,67,82,168,103,94,69,57,92,80,76,56,83,104,53,71,77,83,75,81,77,87,73,80,69,103,124,88,71,76,97,112,84,120,130,156,110,79,93,146,91,99,109,88,70,74,86,135,119,75,73,75,84,127,87,107,101,87,52,64,59,84,86,72,89,90,58,76,82,60,64,74,61,104,80,73,51,64,131,97,89,82,95,86,87,81,90,106,121,62,80,87,100,77,72,80,71,67,68,54,70,56,64,45,62,87,58,65,83,77,84,80,64,41,49,59,59,54,49,45,84,92,47,111,109,87,74,73,58,62,149,116,73,93,72,76,54,59,73,58,77,74,64,108,78,62,57,68,45,52,43,41,66,92,46,69,48,50,31,58,42,54,44,41,45,31,39,35,37,34,42,33,33,55,69,50,60,58,69,37,48,50,65,76,61,88,73,64,55,58,56,64,66,61,67,66,72,46,61,50,52,46,51,29,34,32,49,39,23,35,39,28,45,24,25,24,30,33,34,18,28,34,30,37,57,37,35,35,44,24,45,47,32,29,61,96,54,53,60,51,36,36,48,30,74,52,38,31,39,38,38,27,39,35,42,26,45,43,38,29,23,36,27,32,29,35,33,29,39,27,37,24,30,30,46,20,32,27,41,27,27,20,47,31,31,35,39,48,57,60,58,49,50,40,58,47,36,36,33,31,34,31,36,36,32,32,39,23,44,34,32,32,21,28,26,38,34,37,31,28,21,20,31,26,42,42,46,41,37,37,35,33,36,20,45,32,30,22,44,71,48,49,37,36,33,33,41,58,51,26,24,39,38,35,39,19,35,50,29,25,27,31,30,40,45,29,27,35,29,39,32,15,18,33,24,36,38,33,43,69,33,33,37,38,30,36,42,28,38,27,43,35,43,39,25,29,25,20,24,33,39,31,23,32,27,29,19,29,22,27,16,21,22,29,23,13,19,19,22,30,22,19,17,20,16,21,22,33,18,22,28,22,21,20,20,26,28,25,17,34,19,24,18,22,51,29,27,45,28,38,24,32,25,24,37,39,41,31,41,40,33,18,21,22,14,27,28,20,36,20,40,36,40,36,28,29,38,27,19,33,36,33,48,35,38,44,40,35,36,31,41,29,38,35,37,45,55,51,48,33,40,38,47,22,47,34,34,29,48,66,28,45,31,30,33,37,44,43,25,34,29,22,40,34,32,32,33,23,25,21,38,36,25,31,47,43,36,39,46,44,44,35,22,37,45,38,24,38,45,50,34,43,43,48,49,45,56,39,262
48-49,Transportation and Warehousing,411,437,371,262,247,293,412,276,283,264,263,257,508,425,248,224,252,188,181,212,167,234,222,373,485,405,275,218,267,263,239,228,176,208,198,161,181,188,239,265,260,239,298,351,367,358,444,436,346,520,630,518,468,339,364,463,378,343,394,345,332,302,296,341,606,421,323,304,314,257,250,319,260,277,341,627,476,317,418,325,330,269,356,323,288,265,254,279,273,328,352,396,412,431,459,659,599,608,578,688,686,874,1154,663,795,726,532,702,739,729,787,751,724,654,584,632,892,670,500,539,555,461,579,458,477,518,481,737,825,538,640,474,439,547,503,463,443,376,468,428,455,356,457,614,475,533,586,613,604,695,584,679,587,666,997,729,690,619,503,532,494,550,604,522,482,508,500,423,756,675,452,405,421,439,388,396,397,468,522,643,716,476,439,431,367,404,408,434,333,338,368,305,376,301,385,397,356,378,474,474,471,551,609,826,424,607,948,653,723,545,500,455,432,433,420,652,547,426,464,343,417,679,483,534,394,362,352,365,333,268,323,473,624,538,386,355,278,278,301,305,323,283,310,252,285,324,311,525,390,331,387,482,446,561,602,615,406,522,895,617,658,498,688,714,363,376,417,593,433,369,375,419,381,686,512,478,303,329,283,280,296,279,415,372,622,596,440,327,266,280,262,282,257,267,247,314,273,287,296,284,398,366,337,412,433,430,505,500,375,399,752,653,478,523,356,413,403,340,324,341,369,318,332,362,397,485,473,416,323,329,268,268,296,299,271,411,704,388,243,310,247,263,264,240,206,238,198,186,239,174,229,306,285,267,267,287,359,326,345,326,490,413,326,713,547,470,364,312,316,341,335,422,329,307,329,289,274,337,494,421,309,230,253,229,220,196,251,282,523,526,246,275,211,239,186,244,219,197,193,203,222,187,208,231,271,210,282,276,359,346,303,300,411,285,346,725,474,366,324,301,329,339,310,270,289,260,226,223,226,298,481,372,248,235,196,214,186,154,235,269,402,530,264,320,221,208,227,220,201,209,201,221,193,216,220,227,287,249,291,294,310,276,330,332,394,326,339,686,477,411,321,292,277,274,261,271,257,300,302,272,208,265,523,397,281,228,261,237,188,210,233,204,315,466,376,272,224,205,248,229,223,168,150,217,190,162,193,176,240,242,280,271,287,284,294,314,364,324,375,682,363,247,309,298,222,219,216,184,297,207,266,201,178,189,441,329,187,164,180,165,149,134,128,176,211,376,350,225,179,157,148,175,165,156,124,127,135,155,148,135,174,166,187,148,187,195,213,238,249,205,239,480,360,219,333,264,279,276,271,251,343,339,214,239,243,229,447,364,272,205,198,186,191,150,152,159,208,448,375,269,262,202,194,188,182,200,181,238,137,185,186,195,209,236,222,233,246,299,253,300,308,269,285,311,595,414,304,257,256,221,360,433,360,195,259,245,215,211,432,448,252,204,192,177,264,209,201,220,198,431,349,300,292,215,178,200,235,198,239,187,189,234,197,213,219,276,298,244,257,335,309,272,308,396,249,382,657,462,335,320,318,240,312,294,352,262,321,569,1940
51,Information ,110,146,141,132,130,112,79,125,118,108,100,95,130,111,79,102,106,99,100,88,106,140,100,98,92,121,141,122,88,117,104,90,103,114,112,92,106,92,144,123,133,120,129,143,104,64,125,108,134,130,72,156,156,149,105,112,134,107,106,130,119,119,126,105,155,161,143,102,119,163,147,119,93,146,128,104,124,145,173,117,120,139,179,132,123,128,149,141,154,146,197,197,191,248,242,240,214,255,149,226,260,216,172,206,340,356,244,280,325,256,230,236,245,235,359,503,332,309,336,267,226,267,240,188,162,262,218,244,192,260,660,303,233,203,232,214,157,168,255,184,191,191,229,212,176,234,172,307,268,243,164,275,198,211,161,228,334,208,186,174,204,196,126,182,219,187,171,217,196,247,178,172,156,141,148,165,148,164,202,159,189,195,235,216,180,144,176,149,118,179,179,176,173,166,149,234,194,173,170,204,166,147,87,190,134,171,137,203,270,195,161,162,191,158,131,132,158,181,151,153,171,150,136,123,98,167,162,148,152,141,127,119,120,123,136,140,143,111,135,126,130,107,141,148,160,141,144,183,178,197,184,179,125,160,129,172,156,163,149,151,207,170,138,156,176,182,150,117,172,163,168,166,139,181,137,143,114,177,131,135,105,111,153,121,122,168,159,171,134,123,142,133,163,155,193,204,199,161,161,181,189,143,142,143,138,145,102,156,127,126,133,83,177,191,136,130,165,152,142,137,143,156,146,129,132,140,167,140,128,166,126,113,100,160,193,136,133,134,122,105,112,115,136,140,126,140,112,171,226,148,147,166,218,147,116,110,164,114,125,78,121,137,100,116,177,175,138,129,104,162,135,93,128,124,109,114,96,133,163,150,108,129,112,102,101,89,125,111,109,92,143,132,140,156,129,167,117,116,82,128,162,366,215,195,157,115,117,127,129,132,291,138,128,117,129,78,209,222,171,141,122,151,121,122,106,132,123,100,81,129,195,105,114,100,124,88,85,93,101,75,88,98,94,114,119,101,98,107,106,106,74,129,116,120,94,115,136,127,116,161,130,117,105,94,126,82,104,100,93,171,129,94,143,143,140,98,106,118,114,111,123,93,123,92,93,116,136,95,114,98,108,94,122,92,100,114,95,103,134,115,124,115,113,120,92,111,169,103,149,87,116,112,119,112,121,102,112,111,114,104,84,166,189,149,151,150,148,115,95,139,134,122,114,191,172,138,110,125,120,119,92,89,98,118,81,71,60,134,115,91,69,87,96,89,73,72,134,124,117,116,124,105,95,96,86,107,144,65,111,138,86,114,51,139,127,119,109,114,139,135,88,131,142,118,116,125,153,135,123,98,136,109,99,110,85,113,114,97,91,116,118,97,88,115,117,110,69,93,107,148,109,127,143,134,140,140,109,130,98,67,107,97,88,103,56,114,136,106,104,102,133,127,133,107,173,120,108,116,153,130,96,76,103,114,109,106,102,130,80,94,88,94,114,89,87,86,110,84,90,74,93,111,102,79,122,106,91,90,70,122,93,90,70,100,102,78,50,93,116,101,99,93,116,80,93,108,119,199,1346
52,Finance and Insurance ,199,184,161,169,141,161,111,171,184,146,137,122,184,136,167,233,189,174,158,161,130,164,148,145,141,193,172,153,132,227,243,237,213,203,228,230,203,203,248,306,343,190,223,236,199,138,204,230,180,172,125,274,262,252,184,238,229,188,179,160,200,170,185,141,210,207,215,167,196,192,192,172,131,238,207,214,197,236,275,214,220,238,284,224,264,277,270,255,261,223,308,317,326,261,254,369,310,281,246,380,295,211,154,301,492,468,330,682,691,381,329,322,291,258,256,251,452,318,278,314,325,263,303,225,214,347,278,300,244,405,384,273,240,250,429,228,229,206,323,205,301,224,312,269,232,256,229,381,289,317,172,373,220,245,136,228,360,283,238,242,315,248,213,277,250,208,270,220,216,247,199,222,183,234,173,206,191,195,176,171,173,190,192,167,191,172,216,169,181,171,199,172,151,167,184,215,160,161,138,194,142,158,81,212,193,150,108,138,309,224,191,167,261,202,179,155,190,203,152,144,170,247,168,164,181,238,181,170,160,183,173,152,126,173,164,169,167,140,147,157,143,132,199,139,175,114,130,186,140,131,114,194,155,137,91,164,121,142,88,99,197,154,102,158,143,142,114,129,155,135,155,131,119,140,121,130,87,150,130,120,102,123,126,109,103,108,130,117,93,97,142,130,139,104,100,128,120,119,121,145,119,112,88,137,132,106,86,117,92,97,80,80,156,151,104,114,139,126,93,103,105,129,118,117,103,113,94,120,112,128,131,101,99,105,135,120,105,129,118,135,109,101,120,119,84,119,112,108,185,143,137,207,202,170,149,171,157,174,169,103,178,149,107,83,165,214,187,169,188,236,196,118,150,182,135,115,132,155,155,101,141,150,128,113,104,95,137,120,121,90,151,149,102,92,110,121,103,93,94,140,106,115,111,151,134,101,105,123,146,119,132,136,112,113,90,62,87,179,157,135,99,131,108,93,128,133,97,120,75,96,116,97,96,109,115,102,89,70,105,92,111,84,103,104,86,83,76,121,125,87,69,103,73,94,100,120,120,109,87,96,104,96,111,127,140,144,104,79,95,166,151,146,130,160,139,102,94,150,102,83,88,97,163,100,103,110,124,103,103,90,83,92,85,96,102,111,99,98,68,136,96,84,74,94,67,78,86,86,123,72,84,84,159,104,103,71,83,114,137,86,70,117,118,125,123,123,101,101,88,113,98,88,111,96,107,126,90,76,99,110,97,65,79,93,100,96,75,92,93,71,81,74,92,102,76,91,93,100,89,70,105,120,74,86,97,73,93,58,86,109,67,138,66,135,166,121,157,123,132,143,95,142,132,103,122,93,156,108,105,105,113,90,98,82,79,109,98,105,99,87,92,95,74,105,123,89,78,88,117,104,120,101,132,115,114,109,180,142,147,106,105,141,129,87,97,252,179,199,122,186,128,130,119,128,189,104,99,94,108,102,87,98,98,91,105,77,68,94,78,93,81,88,79,63,83,78,98,79,70,81,107,99,80,76,116,84,65,76,90,96,100,100,65,95,102,104,69,109,128,133,103,86,124,113,87,87,105,105,570
53,Real Estate and Rental and Leasing,159,137,122,159,126,93,92,137,101,105,91,95,116,102,98,85,101,96,95,87,90,90,83,88,96,111,89,95,82,103,100,103,91,107,98,100,109,102,125,105,107,125,132,169,133,79,157,141,110,105,95,182,170,131,126,160,142,99,104,106,131,120,116,106,132,126,117,96,134,118,111,100,92,125,146,121,116,110,122,122,105,129,118,106,129,114,156,136,124,166,145,183,190,163,210,209,240,221,201,235,246,223,180,221,345,311,238,243,301,226,219,238,227,188,211,233,251,204,183,161,207,135,176,199,160,196,140,169,181,164,199,169,151,148,178,178,151,140,185,115,191,180,182,231,193,215,174,240,175,195,142,240,234,223,172,187,244,194,182,154,216,201,153,188,160,149,179,147,194,213,143,133,138,144,154,158,202,126,159,129,145,172,165,147,141,165,172,155,160,142,141,128,132,109,166,208,131,142,152,173,175,165,130,227,148,183,123,149,243,166,163,181,138,152,140,106,146,150,107,134,129,155,133,142,119,132,125,123,122,121,109,98,104,138,127,123,109,109,109,125,107,97,136,97,103,110,127,203,151,119,129,166,135,160,114,153,138,156,131,134,198,138,150,165,112,126,150,114,136,118,111,112,112,152,118,92,87,119,95,90,114,102,100,99,108,101,112,103,86,89,99,89,75,85,89,100,97,82,102,109,96,113,98,126,120,127,102,118,103,130,142,84,156,173,106,112,106,127,93,104,112,104,81,102,57,95,105,90,79,110,95,91,76,75,99,71,80,78,103,86,82,85,92,109,85,85,66,65,114,93,80,117,108,117,93,97,126,101,104,79,157,104,110,105,105,143,121,102,110,84,105,96,90,142,92,103,94,99,93,86,95,86,102,83,77,78,126,97,57,69,75,97,86,77,75,80,85,66,80,85,99,84,73,118,110,72,103,105,111,107,99,84,115,94,102,72,95,152,104,100,89,95,73,111,85,95,97,58,78,94,96,74,100,79,89,55,82,72,84,63,60,65,75,100,68,77,62,76,60,86,67,85,71,79,71,74,93,72,81,83,106,94,98,74,101,77,84,91,73,120,115,79,96,86,77,63,61,87,73,73,77,48,86,76,60,57,84,84,57,53,64,60,63,67,78,70,54,66,54,52,72,62,59,72,45,59,64,85,97,79,68,86,75,77,113,73,113,100,84,72,81,74,83,86,80,73,72,87,65,72,70,64,54,71,81,72,64,60,68,66,60,45,41,71,73,81,55,63,70,69,57,68,60,63,67,60,43,71,55,62,79,72,81,81,74,79,85,56,83,92,78,87,58,77,97,76,76,100,97,98,75,84,78,79,79,72,93,78,88,70,79,65,73,60,66,84,67,67,70,78,83,74,72,77,79,74,63,64,72,77,76,96,94,91,85,95,95,92,86,92,109,105,96,100,57,98,130,100,85,100,95,117,87,118,71,81,59,69,98,86,73,79,98,63,60,76,71,78,69,76,70,75,78,74,77,64,80,82,66,72,82,80,68,58,86,103,98,90,108,127,92,108,62,100,93,83,53,100,118,109,104,109,114,113,87,80,99,245,1444
54,"Professional, Scientific, and Technical Services ",335,295,306,300,325,254,222,226,244,193,223,238,264,218,241,231,298,229,271,218,217,259,220,258,222,331,245,211,180,263,210,208,219,194,223,213,200,242,326,312,264,259,245,261,217,209,276,274,271,262,172,349,336,297,268,315,318,270,253,263,286,224,226,224,319,322,311,266,311,288,256,251,208,305,305,303,265,316,369,315,269,294,329,254,285,309,311,285,296,351,478,531,505,457,479,599,537,624,484,617,615,506,567,559,891,855,629,747,800,712,615,693,780,686,619,607,758,692,669,672,687,670,774,581,581,710,667,671,607,695,805,653,581,589,620,527,504,485,668,539,567,501,724,666,554,555,512,708,611,643,449,786,570,611,431,615,760,622,499,615,571,533,453,547,583,489,469,423,530,617,498,589,518,602,445,433,429,427,484,411,452,493,510,469,430,412,435,425,405,422,474,416,438,375,438,551,410,390,445,478,444,454,318,829,516,555,369,446,758,440,481,400,494,401,434,374,440,450,372,365,427,524,425,463,450,496,430,497,435,392,436,349,339,441,557,426,363,369,434,385,388,323,429,395,408,349,465,697,453,382,367,486,440,545,365,449,417,423,430,442,659,568,376,546,417,368,386,303,381,393,383,334,419,545,383,425,409,481,353,328,357,370,469,380,359,352,516,438,348,359,392,348,339,342,297,362,327,341,351,416,370,338,316,406,401,348,353,474,435,347,396,317,562,485,396,407,397,416,347,343,331,458,396,351,341,463,393,407,377,421,388,339,311,305,372,334,291,335,401,399,309,294,342,340,288,250,262,284,330,275,242,564,530,380,309,418,325,349,363,295,442,340,239,274,449,446,345,311,350,365,294,293,303,360,285,297,261,336,337,351,373,364,323,254,236,251,333,286,271,258,359,380,270,294,245,320,226,243,254,320,301,232,238,342,353,253,235,271,388,268,299,219,345,259,262,241,289,508,330,262,283,354,339,231,282,362,249,259,232,264,308,247,288,317,394,234,284,211,315,263,244,237,386,382,293,238,265,305,234,237,259,326,263,265,232,283,320,240,261,268,426,270,280,249,336,308,254,279,298,552,396,327,292,425,371,301,242,359,334,266,263,265,389,304,258,291,393,281,247,261,303,272,249,251,314,477,325,270,270,361,226,270,237,321,239,216,217,235,371,254,259,270,367,287,298,244,325,268,258,271,244,408,386,383,352,427,325,273,237,282,313,274,252,265,360,402,297,306,401,298,236,242,244,296,257,218,239,377,311,278,206,359,263,257,213,249,301,245,248,227,384,269,267,260,293,288,293,176,258,285,254,222,203,356,375,335,319,363,375,324,235,331,341,323,334,282,388,293,296,319,345,273,314,279,250,292,251,247,259,385,346,245,230,328,285,250,243,241,273,273,247,248,327,306,280,270,319,372,341,234,343,300,283,256,263,416,460,420,308,306,319,312,311,281,337,279,244,230,322,305,299,280,298,263,267,232,246,344,260,258,269,373,406,280,222,291,299,233,241,243,278,259,242,265,338,334,272,263,257,346,296,289,240,338,230,251,208,339,388,296,280,263,343,256,229,261,333,409,2129
55,Management of Companies and Enterprises ,11,7,9,6,6,6,8,7,6,5,5,5,11,9,8,7,3,4,4,7,4,9,7,0,11,5,5,7,4,11,5,4,1,3,4,4,11,2,2,14,5,5,7,16,6,6,7,9,5,4,4,14,7,9,6,10,7,6,10,6,1,6,3,8,7,8,12,12,4,4,7,5,4,8,1,5,6,8,8,8,7,2,5,3,3,10,5,10,10,3,7,12,7,10,15,18,7,21,15,9,10,8,4,8,17,30,23,12,12,10,10,10,11,7,10,7,10,5,10,4,15,15,10,7,5,17,8,14,15,9,8,9,5,7,6,8,4,6,11,4,6,8,8,10,6,12,9,23,16,11,4,18,12,12,6,7,19,17,10,13,19,10,11,4,11,18,4,10,15,11,7,5,11,19,8,7,35,13,115,106,21,91,12,51,22,158,71,32,14,18,12,26,15,10,13,81,95,24,17,11,27,29,120,64,22,28,21,23,23,15,10,9,19,14,12,13,10,13,14,9,15,12,13,10,7,18,15,7,10,6,6,11,5,13,12,8,12,7,12,7,3,11,5,9,8,9,7,4,9,6,4,5,5,5,6,11,18,12,8,6,11,11,11,9,8,11,6,8,8,8,6,7,3,14,9,6,6,13,11,5,10,7,5,6,5,3,10,6,6,6,3,9,4,7,11,10,12,9,7,19,15,10,11,6,10,6,8,11,7,6,7,6,18,14,10,10,9,10,10,10,6,12,12,8,11,12,9,11,8,6,7,9,4,7,6,4,6,11,6,8,8,6,3,8,9,12,1,10,8,11,5,12,15,7,10,6,10,7,7,10,17,7,5,13,7,9,16,6,15,9,7,12,7,6,6,11,15,7,8,8,12,5,11,6,4,9,11,11,9,10,9,13,9,6,10,13,9,5,8,9,6,13,5,6,12,10,10,7,7,12,7,8,7,11,9,4,12,11,6,7,7,13,5,10,10,7,9,3,4,8,9,9,8,5,11,4,10,6,10,10,7,3,8,6,8,7,10,15,11,6,12,7,6,7,4,9,7,6,6,7,11,9,6,7,6,5,11,3,7,9,10,9,9,12,9,3,7,8,13,8,5,4,11,5,7,11,7,5,12,6,7,14,7,12,6,14,16,6,6,15,6,11,6,8,7,14,8,12,11,3,14,6,15,4,5,8,15,12,13,9,14,14,11,13,18,20,10,9,10,10,7,6,4,5,9,18,3,3,16,10,6,4,9,10,5,9,8,5,8,12,9,8,8,12,5,4,4,7,7,10,7,4,17,15,3,8,8,4,4,7,7,11,4,18,25,14,14,19,13,11,6,8,14,11,10,10,8,8,8,7,2,10,5,16,7,8,4,5,10,15,12,6,7,6,13,19,10,8,12,15,4,14,14,13,6,8,12,12,9,7,8,9,12,5,6,9,9,13,5,6,9,7,8,10,8,11,11,23,22,5,9,4,15,17,8,8,6,20,7,11,18,6,11,9,8,13,18,16,8,15,12,12,11,11,9,18,10,8,6,29,9,12,6,12,17,10,9,8,7,14,8,16,12,10,8,11,14,11,67
56,Administrative and Support and Waste Management and Remediation Services ,843,832,728,667,605,581,554,604,580,497,523,505,642,559,540,562,575,533,541,479,478,515,485,494,496,607,587,486,443,530,493,457,442,480,451,473,460,434,571,655,691,629,669,783,784,637,1052,974,834,853,755,907,1027,863,779,857,735,652,590,618,663,658,611,577,645,688,712,627,603,631,604,568,581,629,668,620,614,602,851,610,607,609,627,667,572,576,618,617,696,670,737,964,935,1010,1051,1282,1148,1283,1202,1421,1278,1375,1487,1192,1641,1521,1141,1286,1420,1268,1137,1181,1199,1112,1077,1135,1101,1213,997,957,986,910,1025,1007,829,984,871,838,834,855,1138,891,824,835,1043,880,851,799,900,797,933,787,944,1081,928,1036,1062,1247,1134,1335,956,1451,1282,1282,1002,1188,1382,1121,941,953,928,927,830,889,847,796,744,732,771,941,743,798,725,806,730,676,722,734,766,656,680,772,808,792,664,689,765,698,690,705,789,673,768,692,765,1004,879,879,946,1049,960,1137,1052,1651,1094,1175,970,1101,1573,1063,870,886,851,791,714,764,941,880,765,719,730,964,810,699,740,816,783,682,706,693,704,606,608,768,806,769,712,687,806,752,652,575,733,687,719,699,1034,1651,1009,873,926,1125,879,1146,1036,1357,1008,1175,1174,1078,1407,1038,955,1279,948,954,903,831,833,794,810,793,775,1009,835,695,615,737,648,680,711,668,744,686,764,715,952,874,632,693,786,703,602,615,615,706,707,614,650,845,937,805,784,946,958,933,1010,1192,974,1006,1005,952,1224,1235,952,891,957,911,778,735,846,795,733,691,781,848,897,909,767,698,644,611,625,661,679,548,630,659,702,807,612,633,631,690,630,606,546,547,598,571,600,901,909,1148,760,784,913,772,919,845,1345,1075,825,973,1110,1187,963,774,860,883,844,656,745,798,722,619,645,674,783,673,678,682,627,624,523,605,663,495,572,577,624,720,528,588,541,592,591,633,594,608,645,545,592,620,778,577,697,757,845,779,915,756,1166,755,854,807,907,1104,808,707,700,697,650,522,595,635,541,550,477,548,707,513,470,563,590,518,494,412,558,460,504,448,599,718,478,491,544,558,447,469,470,541,462,499,466,523,643,579,625,636,721,687,838,737,950,758,773,830,854,1081,750,692,649,694,557,554,493,550,567,513,484,498,592,548,471,500,581,477,438,462,441,462,428,439,463,559,528,453,428,514,449,430,448,449,389,405,415,413,622,514,531,558,644,574,718,599,875,814,837,801,695,620,658,553,527,524,532,476,404,439,442,425,394,393,503,510,368,355,392,393,333,354,359,329,322,344,330,436,379,364,346,398,345,321,307,343,320,341,337,302,492,355,421,421,487,497,573,497,629,605,573,619,533,529,822,574,614,562,573,497,460,549,460,400,425,393,491,445,437,401,398,391,391,402,373,492,391,390,363,492,448,364,355,490,400,370,394,401,379,441,408,356,512,590,532,518,634,697,668,602,889,773,775,806,677,821,772,592,579,589,938,854,585,550,536,470,406,445,434,527,437,430,404,380,462,424,306,417,386,389,451,410,529,384,368,431,429,373,358,391,381,408,395,404,509,569,533,540,527,635,649,758,696,966,719,789,709,841,815,776,685,621,594,513,441,476,547,864,3568
61,Educational Services ,103,102,100,75,75,88,79,84,81,80,84,89,110,118,74,76,81,80,85,83,94,132,204,272,253,304,157,142,112,121,134,145,144,210,210,132,104,97,104,118,89,91,108,110,86,74,113,112,134,118,97,133,102,102,90,106,124,76,76,73,79,77,91,90,117,110,79,62,72,83,73,88,77,123,227,310,296,212,283,165,164,167,163,127,144,175,246,264,137,126,125,149,113,99,130,146,139,135,101,155,138,136,159,123,162,213,133,137,175,133,140,118,145,118,144,159,159,187,133,104,123,151,200,203,157,259,367,680,843,553,619,340,235,219,287,249,259,351,780,516,260,187,213,270,196,204,158,243,203,184,145,272,169,229,205,225,246,188,161,191,150,157,137,162,151,148,123,197,163,192,169,132,119,145,115,145,155,173,290,405,564,421,398,288,219,179,228,191,218,222,350,296,259,160,172,229,154,166,141,188,165,190,91,250,178,225,211,222,270,172,128,149,172,139,127,107,143,139,137,149,176,183,167,142,132,151,148,134,153,183,260,492,737,658,523,320,268,200,261,249,247,200,378,287,383,220,188,227,216,148,156,172,165,179,120,221,176,219,208,197,193,157,126,207,156,132,115,104,157,133,126,122,138,198,151,110,123,128,144,133,121,164,210,297,454,334,395,282,189,156,176,187,162,180,208,274,205,139,161,172,173,144,137,165,134,117,121,154,124,165,174,168,192,177,117,92,124,118,106,110,112,114,114,126,121,133,126,91,114,104,128,104,128,96,145,255,399,317,237,276,190,154,152,178,161,169,169,199,212,126,106,173,188,113,117,97,118,99,119,89,178,171,141,137,161,163,137,90,101,95,99,88,105,100,88,98,127,122,141,94,87,94,101,106,68,102,112,222,345,290,237,222,158,137,179,157,129,140,182,246,162,145,123,124,126,101,97,90,102,93,92,70,121,127,180,119,103,161,103,91,94,88,81,85,99,87,68,85,113,104,102,84,68,68,106,68,79,77,109,132,314,272,239,206,161,129,112,144,104,152,157,213,150,155,128,104,137,80,97,84,121,85,77,86,125,121,176,113,117,148,99,96,62,99,65,74,68,74,73,105,113,90,97,84,70,85,84,83,85,78,102,141,237,377,222,263,147,115,106,143,112,141,196,197,162,132,105,85,128,74,90,85,107,65,116,60,87,117,163,154,109,90,95,79,79,104,76,64,60,63,65,81,79,93,87,89,50,55,73,57,64,38,50,79,146,246,207,176,160,131,100,99,92,109,128,135,113,126,98,66,105,60,76,54,64,50,76,45,61,91,127,124,60,63,114,82,85,74,84,76,66,65,79,86,112,103,107,80,94,65,92,83,79,77,80,107,188,271,256,203,152,110,108,111,116,138,137,271,285,142,109,106,114,92,79,63,71,89,85,72,99,127,144,157,88,124,101,110,78,93,102,83,72,64,88,99,93,126,112,88,77,81,74,63,64,91,66,91,151,290,289,262,207,139,95,115,134,120,149,144,228,131,109,95,100,100,86,85,104,98,77,83,59,114,128,178,112,124,99,84,89,93,92,71,72,62,82,549,4873
62,Health Care and Social Assistance ,465,460,473,418,409,413,329,400,386,390,400,368,621,396,385,380,361,367,373,403,440,520,482,527,478,542,451,423,425,448,427,390,380,426,386,398,397,372,385,424,384,398,509,560,503,319,468,461,473,500,485,484,508,462,405,416,468,397,374,429,493,436,388,367,603,498,420,352,433,416,408,409,434,636,531,553,537,450,571,423,434,446,487,391,417,395,407,474,412,426,535,545,480,476,513,596,546,603,571,636,570,404,568,551,817,761,610,659,714,694,567,619,679,609,600,631,866,732,577,633,641,510,581,595,632,903,751,735,817,727,973,697,637,654,750,671,606,629,712,574,661,674,740,819,680,776,711,1004,664,733,486,833,580,689,772,690,859,793,636,662,721,686,585,660,692,632,632,620,871,766,668,642,636,663,628,655,767,799,832,755,687,772,745,774,734,647,704,646,670,663,804,630,668,655,695,801,672,701,915,963,749,734,412,831,691,769,821,684,1092,804,702,707,663,568,563,502,666,696,588,580,616,939,657,689,648,668,683,588,681,761,792,765,704,774,731,696,661,634,649,731,686,537,714,596,606,606,645,832,681,742,772,966,650,755,477,811,632,669,817,660,909,721,608,749,680,649,623,534,612,640,593,601,635,933,652,611,508,722,602,577,688,758,719,725,720,667,716,739,579,549,653,579,551,563,586,664,615,560,622,662,711,588,570,774,791,641,487,721,645,582,721,622,725,711,583,512,578,567,560,486,588,535,545,517,568,792,681,539,503,568,603,560,554,623,704,715,604,687,675,686,589,537,554,579,557,496,503,454,617,481,476,660,693,702,585,679,731,550,569,421,703,574,529,735,715,710,587,523,589,577,494,489,544,587,537,461,495,731,774,493,526,554,534,503,480,557,637,721,649,605,577,631,479,543,502,524,499,427,479,591,515,510,452,575,522,427,499,655,553,492,656,404,551,447,589,580,524,649,547,437,466,467,413,375,424,511,439,420,412,547,598,505,428,458,451,476,392,387,536,584,509,533,504,525,425,396,429,450,437,400,403,505,398,450,389,456,470,426,385,416,587,382,631,355,469,405,466,619,463,510,482,427,457,525,414,328,382,420,381,380,395,401,650,456,486,384,426,377,385,397,527,522,458,512,512,475,407,337,449,490,398,408,355,443,342,374,333,347,423,362,388,447,569,379,460,360,444,419,440,635,411,325,449,393,389,397,342,371,351,377,337,374,348,374,598,429,346,355,427,334,324,359,443,490,439,453,456,452,415,354,353,375,353,301,337,401,315,364,348,296,422,305,329,322,364,296,429,343,409,362,374,520,340,375,514,392,435,401,455,383,351,430,419,394,380,401,581,495,392,408,416,434,398,425,445,535,479,432,466,463,434,406,358,455,397,415,391,387,375,388,404,378,380,428,371,362,401,431,464,472,482,438,453,505,420,490,475,398,349,418,386,393,386,351,392,379,414,373,571,445,403,450,394,375,360,437,382,429,508,521,532,440,526,379,354,399,414,382,378,384,351,373,419,365,397,469,376,411,421,535,537,497,345,514,413,704,518,564,606,626,460,504,448,402,386,392,453,858,18902
71,"Arts, Entertainment, and Recreation ",174,145,142,134,108,129,125,109,141,103,103,86,104,122,140,166,149,133,131,115,122,124,142,159,97,124,104,93,102,108,146,87,107,106,106,104,114,120,187,161,153,159,171,196,153,133,201,197,140,153,120,244,197,151,129,134,122,143,95,137,170,122,114,124,128,151,131,169,155,138,116,104,108,125,175,140,100,111,145,122,108,110,148,123,118,131,118,120,125,137,173,220,227,242,213,258,212,282,216,287,235,220,214,273,351,315,189,194,234,259,216,211,180,192,167,152,199,201,180,213,200,202,230,193,220,192,268,214,209,189,251,174,172,168,182,195,207,151,166,162,256,225,305,367,242,274,262,325,232,272,193,318,236,242,182,231,310,269,165,226,178,183,184,198,164,141,140,135,171,204,228,222,279,249,229,189,180,183,193,204,220,188,196,183,212,174,205,166,180,200,216,173,192,206,222,307,222,262,260,320,249,275,205,349,251,256,212,244,322,234,178,162,171,192,164,147,213,181,128,142,143,186,163,258,161,211,237,167,153,162,170,181,147,159,150,158,125,145,141,147,101,98,146,137,190,151,178,263,215,194,235,283,223,250,164,264,186,191,191,184,249,205,144,185,204,165,194,139,127,154,141,118,127,141,141,162,180,208,182,174,170,134,133,149,218,152,127,161,146,103,144,134,131,142,115,142,121,130,193,172,234,229,190,221,246,276,167,208,197,178,160,136,232,238,167,156,142,130,105,114,153,110,142,106,106,99,152,154,190,218,145,145,123,120,124,190,141,125,113,140,101,111,134,181,126,108,84,110,143,120,132,205,265,190,181,184,212,183,176,162,250,147,162,140,191,207,187,139,167,140,172,104,112,112,92,84,106,127,120,96,179,143,161,132,129,167,117,146,138,108,119,116,121,120,87,102,105,139,127,107,104,91,118,134,177,149,159,191,246,190,183,96,173,147,176,131,136,194,159,130,94,110,146,107,110,111,104,152,123,95,98,94,103,95,122,108,94,92,96,95,100,80,98,107,94,127,83,84,126,77,101,103,65,95,85,114,149,125,122,152,199,136,179,96,152,125,174,125,145,197,133,90,113,115,104,87,87,102,70,71,72,88,78,76,85,124,104,123,94,94,88,83,127,93,95,81,66,94,69,78,86,94,83,125,44,91,95,94,135,103,123,113,154,122,144,91,165,165,127,118,125,115,99,94,82,77,78,73,46,61,66,56,56,74,80,81,90,115,97,63,72,65,81,54,99,97,80,68,84,72,64,71,62,56,66,56,47,71,71,64,123,103,128,99,121,145,101,85,114,108,64,94,65,117,130,92,79,68,77,99,78,93,87,80,52,65,81,80,80,117,120,99,93,92,73,99,81,75,75,76,86,103,85,76,70,79,70,85,67,79,65,85,122,115,115,99,146,144,127,102,136,107,91,94,84,134,139,90,100,83,86,100,85,91,69,69,71,66,74,152,79,106,90,105,69,80,72,92,80,89,74,66,82,111,94,80,77,74,63,73,68,84,93,85,133,125,136,109,129,136,121,124,87,144,115,99,84,118,130,98,87,79,100,79,82,69,86,306,7574
72,Accommodation and Food Services ,567,542,525,451,420,372,387,380,402,355,351,416,552,375,342,327,300,311,317,349,268,328,375,475,552,432,438,361,319,331,356,332,318,294,287,347,337,325,388,430,375,385,439,468,414,354,531,530,586,723,551,614,681,649,475,545,489,404,443,415,401,389,369,385,579,411,389,377,336,360,364,381,342,361,408,604,552,423,551,390,396,522,421,421,408,435,406,480,413,455,475,570,526,533,619,656,607,782,625,745,777,782,873,890,1364,1326,857,904,877,886,822,878,784,737,766,806,861,649,577,547,624,521,660,578,548,688,676,825,891,623,858,644,595,610,668,634,616,564,643,592,722,719,767,850,738,832,832,972,831,901,657,1085,871,1033,1110,936,1127,1132,787,887,759,718,617,635,641,675,637,747,778,757,573,617,565,646,601,632,648,557,695,796,811,678,582,614,548,548,553,537,562,594,613,568,647,558,655,755,668,708,765,851,747,826,600,989,827,960,1058,792,1122,934,751,752,689,595,492,519,676,668,632,611,552,784,524,474,588,502,563,525,496,499,513,701,695,585,602,539,508,481,505,494,452,416,536,481,496,539,540,742,641,606,612,762,584,785,641,802,746,802,1094,737,1002,893,722,809,615,554,523,494,492,496,555,607,512,734,532,497,381,521,447,507,507,460,493,599,686,633,569,558,433,468,491,488,473,425,475,476,509,496,518,561,612,625,556,681,625,622,630,769,670,661,991,687,806,869,755,609,636,564,499,466,525,499,543,490,553,615,522,469,387,418,415,445,419,497,378,490,676,527,441,573,465,439,420,426,448,404,406,387,506,351,421,526,619,510,481,541,550,484,529,457,681,648,593,780,731,772,738,540,543,511,506,503,469,462,421,472,438,419,511,420,410,368,415,378,360,394,402,429,533,562,430,417,340,390,347,358,392,362,334,370,428,372,369,480,573,393,477,498,535,473,534,441,580,478,623,676,576,706,569,475,441,412,394,390,345,401,376,352,376,369,474,375,277,312,311,306,298,304,281,329,493,434,374,452,345,328,328,447,367,367,330,411,309,360,342,398,437,436,391,403,521,417,441,431,545,469,567,689,568,663,579,438,440,403,322,342,358,366,361,358,393,353,421,319,300,322,341,331,302,328,298,327,441,485,381,335,364,270,309,332,307,289,299,327,309,302,290,313,421,321,347,383,426,372,402,331,491,456,510,671,482,338,445,364,378,337,295,296,286,273,285,262,299,312,361,329,290,242,261,244,269,247,257,251,310,365,318,265,282,239,207,304,249,235,237,229,265,286,230,236,339,248,298,264,320,292,306,238,349,309,364,551,297,352,438,423,357,370,370,322,284,332,331,306,317,323,358,285,248,256,236,236,266,264,275,309,254,377,367,284,270,294,263,283,254,254,275,259,254,303,269,268,330,383,336,323,426,379,364,296,532,428,422,536,475,483,576,457,365,383,385,361,352,338,401,325,301,333,365,322,257,286,242,284,319,302,307,292,272,431,445,331,387,298,242,287,281,323,278,259,296,309,296,276,378,388,305,323,367,410,325,358,320,441,386,537,479,516,539,431,391,438,388,350,298,318,523,3647,41309
81,Other Services (except Public Administration) ,230,217,225,228,196,206,172,180,166,184,185,169,225,185,184,165,194,177,184,177,152,183,178,185,170,214,196,164,159,214,155,142,148,157,157,170,198,176,195,208,190,227,162,218,213,159,250,244,257,241,175,253,264,235,195,232,220,186,186,209,181,201,199,195,205,213,193,210,230,185,203,200,178,217,228,242,217,207,274,197,218,232,239,195,214,213,213,224,211,210,254,320,300,303,316,353,352,360,307,398,328,308,364,372,510,431,316,354,397,378,331,389,344,334,344,326,343,371,346,322,326,280,339,343,339,329,322,319,362,305,410,336,278,274,346,319,296,309,352,318,320,315,353,441,360,349,378,449,404,413,262,498,385,396,298,376,457,468,355,368,389,355,318,328,340,337,346,281,333,385,315,303,292,282,275,249,284,248,276,263,273,340,274,250,246,280,272,243,242,261,377,267,262,247,304,303,288,292,351,330,277,315,198,478,321,335,249,310,436,284,276,286,323,273,242,194,287,241,212,243,280,289,262,227,213,272,230,199,242,284,229,295,246,260,242,230,201,195,262,245,240,167,274,215,255,186,277,332,273,269,264,367,281,349,244,376,255,265,274,255,315,310,224,357,281,260,222,221,244,245,211,205,194,249,228,234,196,237,222,200,219,229,252,252,209,216,234,223,197,190,265,189,157,201,236,237,202,181,194,267,270,216,245,306,280,219,246,345,293,234,256,192,319,274,251,242,320,225,225,213,278,198,223,205,191,235,216,210,189,220,185,187,181,241,230,199,164,170,220,214,181,178,201,211,199,158,156,199,200,177,180,214,198,154,152,165,189,153,164,154,217,227,174,154,226,232,177,149,203,174,208,128,151,158,154,148,152,156,179,147,172,138,164,127,121,135,154,140,154,153,132,174,138,116,145,165,134,112,133,181,146,129,122,164,174,159,179,194,188,157,206,134,234,156,171,135,193,222,158,137,162,215,161,129,114,137,113,103,137,149,124,113,118,111,123,92,126,85,142,123,129,96,112,156,148,107,151,120,118,128,125,147,129,132,134,169,154,135,121,142,186,171,182,136,164,179,133,132,139,206,164,136,135,170,131,117,126,178,136,105,111,138,124,91,99,124,105,112,105,102,119,119,106,147,143,128,113,105,103,138,118,121,106,143,107,102,100,124,156,118,151,125,170,135,159,119,165,158,152,130,120,124,142,142,120,151,116,113,93,113,108,120,108,120,148,144,99,94,90,91,84,100,80,108,101,104,123,117,116,122,95,95,96,99,90,119,107,92,94,83,116,105,112,85,121,138,130,91,131,138,125,124,91,145,199,130,137,139,147,134,107,149,124,142,122,112,135,124,105,100,104,115,120,95,107,128,136,156,165,131,113,106,101,141,128,95,97,118,130,137,127,103,126,133,117,135,137,185,167,154,179,183,150,159,138,167,193,153,157,141,146,143,152,123,128,125,99,100,124,142,89,115,117,108,134,121,122,117,136,140,130,115,156,114,126,140,114,117,106,132,110,141,148,127,144,161,139,141,141,157,154,176,150,179,148,143,122,205,184,167,161,116,134,127,126,137,151,324,9626
92,Public Administration ,480,347,325,294,272,278,228,233,237,201,239,200,279,215,226,198,219,192,187,176,189,218,215,222,209,246,233,185,184,211,227,199,206,233,232,210,207,190,281,306,291,258,338,364,341,236,395,363,336,316,197,364,459,359,231,260,266,235,201,227,238,227,222,208,234,252,198,195,194,191,193,164,185,245,232,209,183,205,236,216,170,200,204,213,200,194,278,245,256,226,372,342,284,312,319,431,351,398,314,444,376,281,300,371,695,449,348,329,370,300,289,302,335,259,292,273,297,340,270,267,308,275,276,256,222,307,324,314,286,378,418,334,291,260,351,260,291,323,530,328,364,316,501,549,398,444,482,570,481,451,354,645,479,453,358,474,750,513,348,324,362,313,304,333,380,310,327,300,300,376,296,263,259,296,268,304,282,277,327,308,335,357,355,325,284,319,375,339,324,321,395,315,408,360,460,685,482,501,474,563,438,451,286,594,490,431,348,392,933,505,384,368,397,306,315,265,361,351,286,259,315,432,295,293,307,327,266,264,260,305,353,328,280,367,354,285,273,415,315,270,273,281,363,281,298,283,389,594,419,361,467,575,451,464,384,534,476,402,413,313,639,496,349,342,379,325,304,295,341,300,330,303,287,336,289,281,238,362,283,247,273,273,294,307,292,288,305,294,231,233,298,263,242,282,269,319,309,243,292,463,447,371,374,500,541,382,379,439,494,339,357,278,509,501,364,266,324,333,260,259,297,312,285,240,269,335,339,272,262,273,257,242,200,241,342,324,397,1868,355,325,488,284,349,263,238,234,231,274,276,248,305,4020,3286,811,324,387,479,333,374,277,523,344,321,286,369,482,401,263,252,292,264,236,238,285,243,251,208,252,251,224,199,223,225,203,193,234,317,275,269,246,325,251,244,210,228,300,198,228,226,277,284,234,238,385,395,300,358,338,511,299,396,250,443,329,327,213,287,481,317,226,255,258,249,219,214,230,187,225,179,234,195,206,175,197,206,208,177,182,224,221,224,408,263,212,177,181,171,225,172,175,274,231,184,212,201,239,315,253,260,256,425,303,326,231,349,294,305,206,262,402,307,261,205,230,203,178,190,201,179,198,187,174,201,185,165,158,195,154,178,147,155,205,189,195,166,187,183,156,156,181,156,176,159,191,153,170,176,181,310,257,318,294,357,263,292,218,300,316,291,238,202,149,126,107,100,101,88,84,53,74,82,58,58,57,84,103,64,71,79,64,70,62,53,91,75,119,160,109,70,61,54,86,64,57,49,70,77,66,67,71,155,100,97,104,162,147,152,92,152,123,123,102,58,141,189,113,122,96,93,88,79,96,76,78,86,79,112,80,77,70,72,67,67,86,98,111,84,97,85,91,91,74,73,79,68,65,80,57,66,69,83,81,127,119,109,116,170,208,144,107,118,167,164,127,104,172,187,113,116,94,93,86,77,81,91,80,72,56,79,66,74,64,70,72,57,69,67,78,75,105,97,67,111,67,68,62,67,63,75,74,77,92,76,76,110,129,118,112,144,184,169,146,113,195,120,119,72,113,164,116,99,105,101,73,72,79,86,125,676
INA/99,INA,381,319,378,358,343,311,301,353,333,276,302,337,380,320,350,303,295,239,210,247,207,229,237,258,215,230,235,191,231,220,263,224,206,222,206,226,230,267,258,273,289,312,300,347,332,234,401,367,303,346,269,298,367,305,245,311,302,225,217,255,283,231,273,286,280,308,257,260,267,231,257,225,217,256,231,228,230,210,275,213,233,230,191,225,194,243,207,245,279,257,273,376,319,256,347,377,379,459,255,434,333,388,370,310,361,358,258,318,357,307,305,361,341,318,304,357,336,337,306,314,288,240,276,258,207,239,249,269,258,216,256,222,255,260,283,244,276,264,280,257,275,270,316,346,335,307,312,358,329,337,227,397,333,334,253,284,341,280,239,250,294,205,218,244,227,228,188,277,238,267,229,242,214,503,438,507,233,411,430,426,455,210,494,420,465,448,476,456,481,456,274,404,480,431,297,553,487,602,386,625,579,604,442,387,539,584,448,309,856,650,558,571,298,457,456,388,310,474,429,415,289,513,450,429,502,533,432,437,445,260,414,398,401,267,434,461,405,423,455,395,337,288,213,332,403,391,174,602,468,438,469,230,403,571,422,293,506,494,464,441,668,553,482,566,518,368,426,371,432,367,331,303,367,488,445,430,422,458,374,348,345,185,385,304,331,361,439,400,354,353,198,342,279,329,179,358,417,366,367,230,516,449,442,219,521,430,447,288,488,432,439,429,249,633,467,476,207,436,398,347,220,395,313,342,351,208,428,409,344,234,361,318,330,149,337,351,325,334,163,404,356,320,178,336,333,310,338,146,364,339,369,253,534,448,412,229,434,393,437,332,261,481,336,372,231,606,501,404,213,427,423,353,192,353,303,360,372,237,398,437,387,229,378,367,356,338,182,324,341,330,184,395,331,395,161,385,387,381,397,255,422,366,408,254,519,376,486,236,444,477,560,373,323,426,421,387,285,614,450,372,424,447,413,341,320,193,368,362,334,188,438,352,307,204,357,374,367,290,195,293,274,312,156,432,368,285,223,351,346,326,336,217,321,368,350,206,476,451,447,447,223,477,466,357,279,458,404,405,245,609,469,445,436,232,357,396,380,180,362,321,318,223,443,356,330,388,205,284,322,317,166,310,336,323,186,340,344,334,291,158,320,313,302,234,299,292,335,188,439,1,392,421,211,354,389,353,288,406,459,390,183,478,517,470,400,398,431,379,365,334,375,334,368,434,459,421,364,384,360,342,325,316,254,311,295,321,308,335,323,280,263,308,303,293,262,289,293,306,320,278,493,390,437,401,509,464,547,395,507,393,384,396,351,430,636,465,532,530,460,431,437,518,434,408,433,399,529,456,466,439,401,431,430,457,441,504,341,391,382,380,353,346,320,330,312,324,329,408,362,423,366,388,445,478,518,513,555,604,592,496,642,519,494,490,731,1022,1520,741,685,497,436,421,418,577,756,386,352,450,448,487,414,359,366,398,436,427,366,398,366,403,359,356,532,345,315,390,371,320,340,372,334,357,381,383,492,455,470,524,533,574,561,584,477,670,480,491,440,532,517,439,404,406,396,381,355,370,386,614,5498
Total,Total,11441,11086,8994,7622,7714,7400,7554,7919,7491,6764,6769,6839,9621,7367,6827,6680,6812,6296,6075,6404,5439,6322,5863,6642,7025,8354,6594,5548,5654,6815,6283,5742,5619,5651,5916,5966,6194,5735,7339,7868,8213,8258,8798,10234,9940,9944,12205,11873,10483,11188,13388,13565,12204,10109,9087,11797,10782,8673,7814,8482,8673,8475,8221,7984,9750,9254,9079,8094,8270,8181,7692,7681,6935,8221,8111,8665,8171,7699,9707,7421,7724,8301,8330,7761,7628,7768,7652,8107,10450,11372,10626,12407,11987,12681,13894,17194,15704,16929,16586,18525,16141,21197,26544,19379,21603,18837,14906,18156,18788,16745,16642,17309,17193,15136,14869,16096,17899,16536,14126,13938,14849,12946,14816,13768,13524,14416,12786,13358,13896,12720,16524,13371,11787,12370,14157,12803,11830,11152,13479,12310,12369,11760,13507,15298,13956,15248,14908,17793,15622,17479,14926,19769,16605,17841,17012,17808,18879,15650,12862,13479,13494,13140,12301,12636,12270,11934,11500,11403,13091,14160,11078,10822,10948,12122,10246,10425,11060,11031,11820,10513,11433,11326,11579,10888,10029,10404,11115,10384,9963,9854,10942,10169,10555,9274,10027,12521,10863,11427,12920,14510,12939,14784,15712,20975,12636,14331,15137,15940,20079,13555,11803,11488,11646,11295,10628,11559,12619,11195,9957,9974,10517,13588,10539,10267,9989,11311,10034,9465,10318,9745,10263,9367,9571,10282,10396,9864,8747,8601,9144,9074,8663,7872,9437,8107,8742,8151,8975,12706,10597,9785,10178,12400,10969,14701,13444,14575,11217,12162,14184,13564,16473,11974,13406,16828,10203,10046,9961,9669,10201,9644,9242,9835,9431,12134,9428,9517,7968,9616,8657,8147,8635,8583,9399,8379,8833,8915,10524,9338,6947,7721,7999,7962,7543,7381,7210,8088,8004,7150,7707,8305,9786,9060,9371,10865,11305,10780,12912,13349,10521,10430,12221,13108,12956,12688,9860,9311,9670,9337,8506,7974,8837,8463,8434,8342,8634,9430,9939,9310,7801,8122,7758,7441,7437,7624,7843,7659,8161,9717,8471,8967,7464,7315,7546,7675,6908,6423,6393,6369,7549,6224,6746,12446,12348,9265,8185,9106,10228,9090,9912,8979,13690,10805,8931,12300,12442,12651,9904,8451,9009,10025,9787,8107,8227,9179,8164,7266,7463,8546,8954,7845,8337,7591,7456,7188,6281,6834,7051,6772,7408,7123,6983,7472,6216,6680,6520,6998,6248,6077,5982,6488,6544,6088,6435,7002,7970,6926,8070,8464,9430,8994,10811,8736,11459,8102,9095,10626,10526,11096,8331,7499,7870,8390,8333,6594,6615,7193,6540,6659,6328,7122,8245,6765,5992,6064,6677,6406,5888,5227,5947,5815,6524,6285,6003,8027,6676,6022,5911,6346,5758,5594,5682,7044,5664,5928,5822,6366,7643,7266,7531,8251,9319,8402,9810,8637,10629,8591,8564,10614,10156,11259,8759,7566,7384,7624,6897,6531,6552,6826,7314,6546,6424,6514,7840,6698,6061,6071,6535,5788,5796,5734,5508,5713,5838,6148,6051,7116,6200,5755,6013,6049,5396,5270,4999,6157,5089,5136,5034,5204,7369,5797,6906,7494,7931,7238,8705,7700,9537,8716,9748,9457,8241,6846,7839,7003,6234,6250,7235,5852,4879,5188,5504,5168,5049,5622,6567,6436,5131,5226,5251,4958,4642,4487,4441,4561,4620,4758,5048,5270,4871,4327,4279,5152,4678,4327,4086,4296,4414,4561,4386,4001,5700,4886,5481,5147,5989,6141,7686,7082,7515,6444,6325,7415,7137,6578,8997,7011,7270,7227,7207,6215,6402,7544,6080,5681,5919,5650,6973,6640,6043,5377,5405,5620,5356,5355,5000,5877,5130,5496,5557,6288,5995,4911,4844,5437,5029,4787,5303,6021,5344,5397,5163,4991,6057,6567,6283,6428,7684,8396,8093,8341,10262,7959,8118,9306,9793,10509,9689,7277,6719,6919,10911,12441,7682,6506,7747,6134,5686,5903,6804,7363,6108,5595,5560,5457,5918,5890,5155,5779,5141,5706,5969,5813,6856,4881,4858,5866,5792,5269,5020,5149,5208,5704,5611,5593,6382,6757,6651,6894,7500,8530,8262,9287,8756,11256,7847,9591,10294,10648,9449,9310,8666,6966,7628,6755,5992,6133,6924,13201,121594
